-- MySQL Administrator dump 1.4
--
-- ------------------------------------------------------
-- Server version	5.0.51b-community-nt


/*!40101 SET @OLD_CHARACTER_SET_CLIENT=@@CHARACTER_SET_CLIENT */;
/*!40101 SET @OLD_CHARACTER_SET_RESULTS=@@CHARACTER_SET_RESULTS */;
/*!40101 SET @OLD_COLLATION_CONNECTION=@@COLLATION_CONNECTION */;
/*!40101 SET NAMES utf8 */;

/*!40014 SET @OLD_UNIQUE_CHECKS=@@UNIQUE_CHECKS, UNIQUE_CHECKS=0 */;
/*!40014 SET @OLD_FOREIGN_KEY_CHECKS=@@FOREIGN_KEY_CHECKS, FOREIGN_KEY_CHECKS=0 */;
/*!40101 SET @OLD_SQL_MODE=@@SQL_MODE, SQL_MODE='NO_AUTO_VALUE_ON_ZERO' */;


--
-- Create schema virtualclassroom
--

CREATE DATABASE IF NOT EXISTS virtualclassroom;
USE virtualclassroom;

--
-- Definition of table `add_note`
--

DROP TABLE IF EXISTS `add_note`;
CREATE TABLE `add_note` (
  `idadd_note` int(10) unsigned NOT NULL auto_increment,
  `FacultyName` varchar(45) NOT NULL,
  `SubjectName` varchar(45) NOT NULL,
  `TopicName` varchar(45) NOT NULL,
  `NotesFile` varchar(45) NOT NULL,
  `Notes` longblob NOT NULL,
  `UpdatedOn` varchar(45) NOT NULL,
  PRIMARY KEY  USING BTREE (`idadd_note`)
) ENGINE=InnoDB AUTO_INCREMENT=1005 DEFAULT CHARSET=latin1;

--
-- Dumping data for table `add_note`
--

/*!40000 ALTER TABLE `add_note` DISABLE KEYS */;
INSERT INTO `add_note` (`idadd_note`,`FacultyName`,`SubjectName`,`TopicName`,`NotesFile`,`Notes`,`UpdatedOn`) VALUES 
 (1001,'Rohit Sharma','Java','basics of java','java_chapter1.docx',0x504B0304140008000800217161480000000000000000000000000B0000005F72656C732F2E72656C738D8FBB0EC3200C457F05F90362DAA14305C9D2256B941F40E09028E121A0AFBF2F4387A6EAD0D1D747C7BEA27BB88DDD28E5257809878643D78A8136556A90E7256656099F25CCA5C43362D63339959B10C9D7CD149253A58EC962547A5596F0C8F909D3A703F64E36AA64A948B88764D0047D75E44B5375C07A2321AE76E80D07363E23FD73394CD3A2E9F216FD78E08B006C05EE5AB62F504B0708419A6A6F980000000A010000504B0304140008000800217161480000000000000000000000001C000000776F72642F5F72656C732F646F63756D656E742E786D6C2E72656C73AD904D0AC2301046AF12E6004DEAC28534EDC64DB7A51788E9340D363F24A9D8DB1B11C48A820B9733F3F1BDC754CDD5CCE482216A6739940583A6AE3A9C45CA8B38691F494ED8C8614AC91F288D72422362E13CDA7C195D3022E53128EA853C0B8574C7D89E86D70ED876925E048589835DCC0983B6AAC85540DA81C3E064D70E0C48BF7AFC85EAC6514B3C3AB918B4E9039C3E2940BF78C4B4CE18DF25CA7F4A3C107703BA796F7D03504B07082BD95494AA00000083010000504B03041400080008002171614800000000000000000000000011000000776F72642F646F63756D656E742E786D6CED544B6EC23010BD8AE57D71C8825611012124565D74D11EC0380371E5D8D68C21A5A7AFED24507A806EDA4D9C79F3E6CDC7232FD71F9D616740D2CED67C3E2B3803AB5CA3EDB1E66FAFBB8727CE2848DB48E32CD4FC02C4D7AB655F354E9D3AB08145014B555FF336045F0941AA854ED2CC79B0D17770D8C9104D3C8ADE61E3D129208AFA9D1165512C4427B5E54972EF9A4B3A7DFEBC603AC84B15B92C7A214AC50A62857D250F01B0E6313E5946A7D2CAC70567220569DB4414F5B10D23DFC061FA3D68A4F09C238A91FFAE227E96A6E68937823814803B6703A594A4B4AEF9561ABD479D94DA8DA57B44D19D0992C286B4FC066669E58CC329A53C0537E2B766B3672ACF3BD221DECF4F9C3E27A42C27A86D728BE62A3C329401899924C6D6C475C6F817DAEDABBCAA3969BC7A8F408067E0AB6D2B7D5C2636678C257618628601FDAFE36FAFE3307531BD06E2F6D2ACBE00504B070877A069D454010000AD040000504B03041400080008002171614800000000000000000000000012000000776F72642F6E756D626572696E672E786D6C0D8C410EC2300C04BF12F94E5D38201435EDAD2F800784C4B4951ABB8A0381DF93E36A667698BE69371FCABA093B38773D18E22071E3C5C1E33E9F6E60B4788E7E1726073F5298C6A15A7EA727E5A699F6C06AAB83B594C3226A582979EDE4206EEC2539F9D2665EB04A8E479640AAAD4C3B5EFAFE8AC96F0C06C73F504B07082C31BF717C0000008D000000504B0304140008000800217161480000000000000000000000000F000000776F72642F7374796C65732E786D6C0D8C410EC2201000BF42F66E410FC690D2DE7C813E80C0DA92C06EC312B1BF97E3643233AFBF92D517AB242607D7C980420A1C136D0EDEAFE7E5014A9AA7E833133A3851605DE66EA59D19458D9CC476077B6B87D55AC28EC5CBC407D2701FAEC5B78175D39D6B3C2A071419F792F5CD98BB2E3E1128BDFC01504B0708AF53C841790000008A000000504B030414000800080021716148000000000000000000000000130000005B436F6E74656E745F54797065735D2E786D6CAD92CB4EC33010457F25F216D51358B04049BA00B6C0821F30CE24B1EA973C93D2FE3D9386768190105297F67D9C2BCBCDF6107CB5C7422EC556DDEA5A6DBBE6FD98912A5122B56A62CE0F0064270C8674CA184519520986E55846C8C6EECC887057D7F76053648CBCE1A54375CD130E66F65C3D1FE47AA514F4A4AAC7D5B8B05A6572F6CE1A161DF6B1FF41D97C13B4244F1E9A5CA61B3128F895B028FF02A4617016FB64E72011FD994A9F4BB248E4E218BCBE28C1B87806BFCABB15D763F5660ABF982018589210E7F0814592FAEA432ED57F8E203E7AA4EB2F587BCF7838FD95EE0B504B0708B5EDE858E400000048020000504B01022D0014000800080021716148419A6A6F980000000A0100000B00000000000000000000000000000000005F72656C732F2E72656C73504B01022D00140008000800217161482BD95494AA000000830100001C00000000000000000000000000D1000000776F72642F5F72656C732F646F63756D656E742E786D6C2E72656C73504B01022D001400080008002171614877A069D454010000AD0400001100000000000000000000000000C5010000776F72642F646F63756D656E742E786D6C504B01022D00140008000800217161482C31BF717C0000008D000000120000000000000000000000000058030000776F72642F6E756D626572696E672E786D6C504B01022D0014000800080021716148AF53C841790000008A0000000F0000000000000000000000000014040000776F72642F7374796C65732E786D6C504B01022D0014000800080021716148B5EDE858E4000000480200001300000000000000000000000000CA0400005B436F6E74656E745F54797065735D2E786D6C504B0506000000000600060080010000EF0500000000,'Tue Mar 01 14:17:29 IST 2016'),
 (1004,'rohit sharma','Java','String Handling','String_Handling.docx',0x504B030414000600080000002100DDFC95376601000020050000130008025B436F6E74656E745F54797065735D2E786D6C20A2040228A000020000000000000000000000000000000000000000000000000000000000000000000000000000000000000000000000000000000000000000000000000000000000000000000000000000000000000000000000000000000000000000000000000000000000000000000000000000000000000000000000000000000000000000000000000000000000000000000000000000000000000000000000000000000000000000000000000000000000000000000000000000000000000000000000000000000000000000000000000000000000000000000000000000000000000000000000000000000000000000000000000000000000000000000000000000000000000000000000000000000000000000000000000000000000000000000000000000000000000000000000000000000000000000000000000000000000000000000000000000000000000000000000000000000000000000000000000000000000000000000000000000000000000000000000000000000000000000000000000000000000000000000000000000000000000000000000000000000000000000000000000000000000000000000000000000000000000000000000000000000000000000000000000000000000000000000000000000000000000000000000000000000000000000000000000000000000000000000000000000000000000000B454CB6EC23010BC57EA3F44BE5689A187AAAA081CFA38B648A51F60EC0D58F54BF6F2FAFB6E0244550B412AE5122959EFCCECECC483D1DA9A6C093169EF4AD62F7A2C0327BDD26E56B28FC94B7ECFB284C22961BC83926D20B1D1F0FA6A30D904481975BB54B2396278E03CC93958910A1FC051A5F2D10AA4D738E341C84F31037EDBEBDD71E91D82C31C6B0C361C3C41251606B3E7357DDE2A896012CB1EB7076BAE9289108C960249295F3AF58325DF3114D4D99C49731DD20DC960FC20435D394EB0EB7B236BA256908D45C4576149065FF9A8B8F272616986A21BE6804E5F555A42DB5FA385E825A4449E5B53B4152BB4DBEB3FAA23E1C640FA7F155BDC2E7AD2398E3E244E7B399B1FEACD2B5039591120A2867675C7470744B2EC12C3EF90BBC66F52809477E0CDB37FB6070DCC49CA8A7E8989981A389BEF57F25AE8932256307DBF98FBDFC0BB84B4F9933EFEC18CFD7551771F481D6FEEB7E117000000FFFF0300504B0304140006000800000021001E911AB7F30000004E0200000B0008025F72656C732F2E72656C7320A2040228A0000200000000000000000000000000000000000000000000000000000000000000000000000000000000000000000000000000000000000000000000000000000000000000000000000000000000000000000000000000000000000000000000000000000000000000000000000000000000000000000000000000000000000000000000000000000000000000000000000000000000000000000000000000000000000000000000000000000000000000000000000000000000000000000000000000000000000000000000000000000000000000000000000000000000000000000000000000000000000000000000000000000000000000000000000000000000000000000000000000000000000000000000000000000000000000000000000000000000000000000000000000000000000000000000000000000000000000000000000000000000000000000000000000000000000000000000000000000000000000000000000000000000000000000000000000000000000000000000000000000000000000000000000000000000000000000000000000000000000000000000000000000000000000000000000000000000000000000000000000000000000000000000000000000000000000000000000000000000000000000000000000000000000000000000000000000000000000000000000000000000000000008C92DB4A03410C86EF05DF61C87D37DB0A22D2D9DE48A17722EB038499EC01770ECCA4DABEBDA320BA50DB5EE6F4E7CB4FD69B839BD43BA73C06AF6159D5A0D89B6047DF6B786DB78B075059C85B9A82670D47CEB0696E6FD62F3C9194A13C8C31ABA2E2B38641243E226633B0A35C85C8BE54BA901C4909538F91CC1BF58CABBABEC7F457039A99A6DA590D6967EF40B5C758365FD60E5D371A7E0A66EFD8CB8915C807616FD92E622A6C49C6728D6A29F52C1A6C30CF259D9162AC0A36E069A2D5F544FF5F8B8E852C09A10989CFF37C759C035A5E0F74D9A279C7AF3B1F21592C167D7BFB4383B32F683E010000FFFF0300504B030414000600080000002100D664B351FA000000310300001C000801776F72642F5F72656C732F646F63756D656E742E786D6C2E72656C7320A2040128A0000100000000000000000000000000000000000000000000000000000000000000000000000000000000000000000000000000000000000000000000000000000000000000000000000000000000000000000000000000000000000000000000000000000000000000000000000000000000000000000000000000000000000000000000000000000000000000000000000000000000000000000000000000000000000000000000000000000000000000000000000000000000000000000000000000000000000000000000000000000000000000000000000000000000000000000000000000000000000000000000000000000000000000000000000000000000AC92CD6AC3301084EF85BE83D87B2D3BFDA184C8B99440AEADFB008ABDFEA1B224B49BB67EFB0A43528706F7E28B604668E693B49BED776FC42706EA9C5590252908B4A5AB3ADB28782F7677CF2088B5ADB47116150C48B0CD6F6F36AF6834C743D4769E444CB1A4A065F66B29A96CB1D794388F36EED42EF49AA30C8DF4BAFCD00DCA559A3EC930CD80FC2253EC2B05615FDD8328061F9BFFCF7675DD95F8E2CA638F96AF54C82F3CBC2173BC1CC5581D1A6405133389B420AF83AC9604A13F1427670E215B148107133FF3FC0C34EAB9FAC725EB398E08FEB68F528E6B36C7F0B02443ED2C17FA60261C67EB04212F063DFF010000FFFF0300504B0304140006000800000021003E3A40B5D50100000404000011000000776F72642F646F63756D656E742E786D6C9C53CD8ED33010BE23F10E91EF6D92D26EABA8E90AE8162E48AB2D3C80EB3889B5B6C7B29D86F2F48C93B82C20ADAABDD89E19CFF7CDEFF6FEA792C9995B274097249F6724E19A41257453921FDF0FB30D499CA7BAA212342FC9853B72BF7BFF6EDB1715B04E71ED1384D0AE38A3B5F5DE1469EA58CB157573305CA3B106ABA847D136A9A2F6B9333306CA502F4E420A7F49175976472618284967753141CC9460161CD43EB81450D782F1E98A1EF616DED1733F853C30A6964B8C01B46B8571114DBD150D536C23C8F9B524CE4AC67FBDB985ADB2B4C77E283986DD83AD8C05C69D43ED7E345E11F3EC35EEA98001E2EA714B087F73C6481415FA0A13A6E39FFE5F9B37C7E6A523771AA0FE2482B5D8E12C9DA0BA84DB247D81B3583D9524CB3E1FD6AB870389AA3DAF69277DB0E4F96AB3FE3478DAE0E677476FB11849F2154755E26B9B066D38F1039E267C739CF9471BF1FEA738A23D68370FABE5C7C3006F9AE32F74E87137168B256E475FB4F85E6DF09D0E1137DF6880F480BDCC97E3172B9A1691A27802EF01072BCA92D72FAC2DA715C7215E2F06F81AC0BF109BCE0FE244C7403A64738632AC777019A2C05DFC624585164C9E3F0ACF30CA0F778315B31F131F0A31561A75717D77BF010000FFFF0300504B03041400060008000000210096B5ADE296060000501B000015000000776F72642F7468656D652F7468656D65312E786D6CEC594F6FDB3614BF0FD87720746F6327761A07758AD8B19B2D4D1BC46E871E698996D850A240D2497D1BDAE38001C3BA618715D86D87615B8116D8A5FB34D93A6C1DD0AFB0475292C5585E9236D88AAD3E2412F9E3FBFF1E1FA9ABD7EEC70C1D1221294FDA5EFD72CD4324F1794093B0EDDD1EF62FAD79482A9C0498F184B4BD2991DEB58DF7DFBB8AD755446282607D22D771DB8B944AD79796A40FC3585EE62949606ECC458C15BC8A702910F808E8C66C69B9565B5D8A314D3C94E018C8DE1A8FA94FD05093F43672E23D06AF89927AC06762A049136785C10607758D9053D965021D62D6F6804FC08F86E4BEF210C352C144DBAB999FB7B4717509AF678B985AB0B6B4AE6F7ED9BA6C4170B06C788A705430ADF71BAD2B5B057D03606A1ED7EBF5BABD7A41CF00B0EF83A6569632CD467FADDEC9699640F6719E76B7D6AC355C7C89FECA9CCCAD4EA7D36C65B258A206641F1B73F8B5DA6A6373D9C11B90C537E7F08DCE66B7BBEAE00DC8E257E7F0FD2BADD5868B37A088D1E4600EAD1DDAEF67D40BC898B3ED4AF81AC0D76A197C86826828A24BB318F3442D8AB518DFE3A20F000D6458D104A9694AC6D88728EEE2782428D60CF03AC1A5193BE4CBB921CD0B495FD054B5BD0F530C1931A3F7EAF9F7AF9E3F45C70F9E1D3FF8E9F8E1C3E3073F5A42CEAA6D9C84E5552FBFFDECCFC71FA33F9E7EF3F2D117D57859C6FFFAC327BFFCFC793510D26726CE8B2F9FFCF6ECC98BAF3EFDFDBB4715F04D814765F890C644A29BE408EDF3181433567125272371BE15C308D3F28ACD249438C19A4B05FD9E8A1CF4CD296699771C393AC4B5E01D01E5A30A787D72CF1178108989A2159C77A2D801EE72CE3A5C545A6147F32A99793849C26AE66252C6ED637C58C5BB8B13C7BFBD490A75330F4B47F16E441C31F7184E140E494214D273FC80900AEDEE52EAD87597FA824B3E56E82E451D4C2B4D32A423279A668BB6690C7E9956E90CFE766CB37B077538ABD27A8B1CBA48C80ACC2A841F12E698F13A9E281C57911CE298950D7E03ABA84AC8C154F8655C4F2AF074481847BD804859B5E696007D4B4EDFC150B12ADDBECBA6B18B148A1E54D1BC81392F23B7F84137C2715A851DD0242A633F900710A218ED715505DFE56E86E877F0034E16BAFB0E258EBB4FAF06B769E888340B103D3311DA9750AA9D0A1CD3E4EFCA31A3508F6D0C5C5C398602F8E2EBC71591F5B616E24DD893AA3261FB44F95D843B5974BB5C04F4EDAFB95B7892EC1108F3F98DE75DC97D5772BDFF7CC95D94CF672DB4B3DA0A6557F70DB629362D72BCB0431E53C6066ACAC80D699A6409FB44D08741BDCE9C0E4971624A2378CCEABA830B05366B90E0EA23AAA241845368B0EB9E2612CA8C742851CA251CECCC70256D8D87265DD96361531F186C3D9058EDF2C00EAFE8E1FC5C509031BB4D680E9F39A3154DE0ACCC56AE644441EDD76156D7429D995BDD88664A9DC3AD50197C38AF1A0C16D684060441DB02565E85F3B9660D0713CC48A0ED6EF7DEDC2DC60B17E92219E180643ED27ACFFBA86E9C94C78AB90980D8A9F0913EE49D62B512B79626FB06DCCEE2A432BBC60276B9F7DEC44B7904CFBCA4F3F6443AB2A49C9C2C41476DAFD55C6E7AC8C769DB1BC399161EE314BC2E75CF8759081743BE1236EC4F4D6693E5336FB672C5DC24A8C33585B5FB9CC24E1D4885545B58463634CC5416022CD19CACFCCB4D30EB45296023FD35A458598360F8D7A4003BBAAE25E331F155D9D9A5116D3BFB9A95523E51440CA2E0088DD844EC6370BF0E55D027A012AE264C45D02F708FA6AD6DA6DCE29C255DF9F6CAE0EC38666984B372AB5334CF640B37795CC860DE4AE2816E95B21BE5CEAF8A49F90B52A51CC6FF3355F47E0237052B81F6800FD7B802239DAF6D8F0B1571A8426944FDBE80C6C1D40E8816B88B8569082AB84C36FF0539D4FF6DCE591A26ADE1C0A7F669880485FD484582903D284B26FA4E2156CFF62E4B9265844C4495C495A9157B440E091BEA1AB8AAF7760F4510EAA69A6465C0E04EC69FFB9E65D028D44D4E39DF9C1A52ECBD3607FEE9CEC7263328E5D661D3D0E4F62F44ACD855ED7AB33CDF7BCB8AE889599BD5C8B3029895B6825696F6AF29C239B75A5BB1E6345E6EE6C28117E73586C1A2214AE1BE07E93FB0FF51E133FB65426FA843BE0FB515C187064D0CC206A2FA926D3C902E907670048D931DB4C1A44959D366AD93B65ABE595F70A75BF03D616C2DD959FC7D4E6317CD99CBCEC9C58B34766661C7D6766CA1A9C1B327531486C6F941C638C67CD22A7F75E2A37BE0E82DB8DF9F30254D30C1372581A1F51C983C80E4B71CCDD28DBF000000FFFF0300504B030414000600080000002100D354E65FB70200003006000011000000776F72642F73657474696E67732E786D6C9C54DB6E9C30107DAFD47F403C7717F69A2D0A89DAA4DB8B92B62AC907183060C5F658B659B2FDFA8E0187A48DA2A84FD8E7CC1CCF95D3F37BC18303D586814CC3C53C0E032A0B2899ACD3F0F6663FDB8581B144968483A46978A4263C3F7BFBE6B44B0CB516CD4C8012D2249086AD9689291A2A88990956683050D959012281AA62051D3FE1E8A1D3B0B1562551343ACD4151896A156841AC9983AEA3C1F3128A565069A3651C6F234D39B118B06998325E4DFCAF1A3ED57891C34B491C04F776DD227EC9724CB7035D3E78BC263CE7A03414D418ACACE043BA8230E9650C7F8DCE50CF2B966BA28F8F44CEB06DBF0144D0258AEA020B8A3D5FEFC2C81125AD48CBED0DC9330B0A4D0E041F3B59C6035D344493C2529D295260741720AD06EEED4AF80EF60284D218FCE88137627B6D9CAFD2B847DCE11780F56E71BC586C76271F070FC7BE8AD9AD57DBF7CFF92C2FE393D5F63966F769B3FEB0774C348481F188C435FFA7F6A73DE6148821F10B2272CD4870EDC603BD4492EBBB8F4C7A3EA738A6F43193B5B92767B381308270BEC7BA79022763604A66D425AD7A617E4D743D29F70517897E16C52E7D7B50731DA4FAB386560DAA9D26EAAB2C11F60F2ED6EB518F497BC584C74D9B67DE4BE2943CA25A59FE386827184D05EA128B8B4D5D85AE88AC7D97A89CDD66CEB44B0AAE33B7FCF49A288503822679BD4843CEEAC62E42BC5ABC9544DFF597BC5E8EDCB2E7F0E6B8FE420A97195A8F0767301CD16A3C4CD8CA63AB095B7B6C3D611B8F6D266CEBB1ADC39A23AE0567F20E97CC1F1D5E01E7D0D1F28B07D3F01F6828826988A2D857B749386090F4C0B85A263824F41E778E96CCE27F55B15290FB345CC69BBE47A335274768ED135BA7E48CD51334288925B8C17DAB9E38F743FE572C6EC30B8603991D453E2DEE7C089C336333AA70C72D684CB95FFE77BDF2F4AB3FFB030000FFFF0300504B030414000600080000002100F5813D7F870100000704000012000000776F72642F666F6E745461626C652E786D6CA4924D6E83301085F7957A07E47D83213F4D504814D166D945D51E60424CB0846DE4714273FB0E98D04554296941B2C49BF163FCF92DD75FAA0A4EC2A2343A65D188B340E8DCECA53EA4ECF363FB3467013AD07BA88C16293B0B64EBD5E3C3B2490AA31D06B45F636253563A57276188792914E0C8D44253AD305681A34F7B084D51C85CBC98FCA8847661CCF92CB4A20247FFC652D6C87AB7E616B7C6D87D6D4D2E10695855793F0552B3553F5DD0241A144D9D4125775676851AB4411151ED0455CA78CCB77C4A6BFB4EF8B85D59D83AE42558146E68E45E2E40C9EA7C51B19188BE504B979717FD0456C2AE12BE84F2408523EE78CA5E23CE79BCDD32AF44299B90B0C90625A6A1FCB3E87BC68342D74383753E5D4BB4E87C48219F7E573767E8EFE78AC48754028337D104EF468147754D24E6332231251E2D99F15D446CE7DB11BC95080D1E6F86F3D34932529EE793A83FFF5D44BCCFED443250140DF8251B2D014FA225725F36FE46E23A1B7C32B0F921D1258112F59F6CF421C1D537000000FFFF0300504B0304140006000800000021004AD88A92BB0000000401000014000000776F72642F77656253657474696E67732E786D6C8CCEC16AC3300CC6F17B61EF10745F9DF5304A485228A32FD0F5015C47690CB164246DDEF6F4356C97DD7A149FF8F1EF0F5F696D3E5134320DF0B26DA1410A3C45BA0D70793F3DEFA151F334F9950907F84685C3F8B4E94B57F07A46B3FAA94D55483B196031CB9D731A164C5EB79C91EA36B3246FF5949BE3798E01DF387C242473BBB67D7582ABB75AA04BCC0A7F5A79442B2C53160EA85A43D2FAEB251F09C6DAC8D9628A3F7862390A17457163EFFEB58F77000000FFFF0300504B030414000600080000002100E9D79BEA70010000C202000010000801646F6350726F70732F6170702E786D6C20A2040128A00001000000000000000000000000000000000000000000000000000000000000000000000000000000000000000000000000000000000000000000000000000000000000000000000000000000000000000000000000000000000000000000000000000000000000000000000000000000000000000000000000000000000000000000000000000000000000000000000000000000000000000000000000000000000000000000000000000000000000000000000000000000000000000000000000000000000000000000000000000000000000000000000000000000000000000000000000000000000000000000000000000000000000000000000000000000009C52CB6EC23010BC57EA3F44B9830352AB0A2D4615A8EAA10F24029C2D679358756CCB3615FC7D370442AADEEAD3CEAC3D9E1D1B16C74627DFE883B2669E4EC6599AA091B650A69AA7DBFC65F49426210A53086D0DCED3138674C1EFEF60EDAD431F158684244C98A7758C6EC658903536228CA96DA8535ADF8848D057CC96A592B8B2F2D0A0896C9A658F0C8F114D81C5C8F58269A738FB8EFF152DAC6CFD855D7E726498438E8DD32222FF68ED68603D01B98D42E7AA419E11DD03588B0A039F00EB0AD85B5F043E05D615B0AC85173252747CF2006C00E1D939ADA48894297F57D2DB60CB987C9EA74FDAE3C0865B8012D9A03C78154FAD89218437653A1B5D41B6BCA8BC70F5C55B8F602385C6258DCD4BA10302BB11B0B48D13E6C4C9E7B522BDAFB075B95DB5B95C8EFC260733EE55AC374EC8D6CBE370DA41033614091664FF2A7723E0955EC2EBF64E4ACA54585CF7FC6DB4F9EDBA2FC927D37146EB1CD895A327E9FF0AFF010000FFFF0300504B030414000600080000002100C9737DE3440100007502000011000801646F6350726F70732F636F72652E786D6C20A2040128A00001000000000000000000000000000000000000000000000000000000000000000000000000000000000000000000000000000000000000000000000000000000000000000000000000000000000000000000000000000000000000000000000000000000000000000000000000000000000000000000000000000000000000000000000000000000000000000000000000000000000000000000000000000000000000000000000000000000000000000000000000000000000000000000000000000000000000000000000000000000000000000000000000000000000000000000000000000000000000000000000000000000000000000000000000000000009C924D4FC3300C86EF48FC872AF736E98A2654B59904682726213104E216255E17D1A45192ADDBBF27FD58E904278EB65F3F7EEDA4589D541D1DC13AD9E812A509411168DE08A9AB12BD6DD7F13D8A9C675AB0BAD150A23338B4A2B7370537396F2CBCD8C680F5125C1448DAE5DC9468EFBDC931767C0F8AB924287428EE1AAB980FA1ADB061FC8B558017842CB102CF04F30C77C0D84C443422059F90E660EB1E2038861A1468EF709AA4F847EBC12AF767435F992995F46713761AEDCED9820FC5497D727212B66D9BB4596F23F84FF1C7E6F9B55F3596BABB1507440BC1736E81F9C6D283035BE059A23B5ECD9CDF843BEF248887F3A8F99DEFA4168EB27B1F9A16781E8619FD4AC320105130990F2B5D2AEFD9E3D3768DE882A4CB986431B9DB922CCFD29C90CFCED2557F677A48A8D1D8BF891700ED1D5F7F14FA0D0000FFFF0300504B030414000600080000002100094AFF7015070000F83900000F000000776F72642F7374796C65732E786D6CB49BDF73D33810C7DF6FE6FE078FDF216D020974084C29F4E84CE10A69E79E155BA9353856CE52687B7FFD492B5B75EDD8DEADCD13F50FED67A55D7DD72DDA771FEEB769F08BE74AC86C191EBF3C0A039E453216D9ED32BCB93E7FF1260C946659CC5299F165F8C055F8E1FD9F7FBCBB3B51FA21E52A30063275922FC344EBDDC964A2A2846F997A29773C33CF3632DF326D2EF3DB89DC6C44C43FC968BFE5999E4C8F8EE6939CA74C1BB84AC44E8585B53B8CB53B99C7BB5C465C29E3ED3675F6B64C64E17BE35E2CA34F7CC3F6A956F632BFCA8BCBE20AFE39979956C1DD09539110D7C67133C5ADC864FEE5345322344F3853FA540976F06162DF3AF82452BA62EDA3884538B144F59FB1F98BA5CB703A2DEF9C590F9EDC4B59765BDEE3D98B9B55D59365E86FAD8DDD65C8F217AB536B6C02D32CFFAD4C77F764F2E60A5CD9B1C82C9CE1B08DE62680261E96930A1BE8E9625E5EFCD8A7E606DB6B5940C0808155CD9ACBDA8A9BB89A28AF5C9698A77C7329A39F3C5E69F3601902CBDCBCB9B8CA85CC857E58866FDF5AA6B9B9E25BF145C431B74959DCBBC91211F37F129EDD281E3FDEFF7E0E2956588CE43ED3C6FDF902B22055F1E7FB88EF6C8A19D319B311FE6607A4D6ACAA70C0A1BD78F4C6DDA851E1E6BF25F2D8C5F02025E1CC6EA300FCEF04C1ACF78341533BA3EA04C02EC9D7D97013AF869B783DDC0424EFB0B5580CF7C288E7D088B8DCA864253EA85A462EF9AAEB307BDB91B27644238B7A473492A6774423477A473452A2774423037A473402DE3BA211DFDE118D70768E881808573D8B66B01AA88D7D2D74CAEDF84E013A1E287545A909AE58CE6E73B64B025B58EB6E7789E56ABFD63857414E9F2F962B9DCBECB677454C75B65BF7D99AFC79BB4B9812E68BA667E9A70397FE9AAD531EFC958BB817F5DA255F634EF06172B0845DA52CE2894C639E07D7FCDE459430FE9B0C56EE2BA3D7B98161BD14B7890E560994DC5ED8BC65D1DB57C2D9BF140AD6A07333CD5BA6D2671C15C3794B5EB61BFFCA63B1DF964B83F81A993B3D2784B9860017BB97E8950D517377F5CEC206003305572EE85300FB08FF5D71A1DBB731C6F8EF4AD133ED23FC7785EB99F6213FBAE34B569A4F2CFF19A0B6D782BC77CF642AF3CD3E2DF740AF3C2CC83BD8237053206F626F1F25120BF20E7E229FC1691499DFDC30794A8EC5A38E1228E470380A6C36FC5CC841A9C9DE316146E400D55853026B98D6124064D1FDC17F09FB87276A310095F6DF9ABDDB79D6B202A604A1BEA1BFEFA5EEFF869EB6681E967291993F97281EE068B3969D87A515F9E4EA1D21C6C30A1F0134AC021240C34A2101D4921FEDDF3CBE26E221C38B23814596655FC520EDD0CABC202BB307D14AC0487513F1FDD5B27BDB73A15937111472809A7513412147A756CB7CDD44B046AB9B08564BD5688F515553299322D7CD2AC87F092066348E782340E3883702348E782340C3C5BB1F329E782358646DF09A5A156F04085EA1FCAAEF4155F14680C8DAE0D4AEF89B5159F7C04AF72FB723883782420E5053BC11147274DAC41BC182572899506379A943B0C6116F04681CF14680C6116F04681CF14680C6116F0468B878F743C6136F048BAC0D5E53ABE28D0091E5C183AAE28D00C12B146D3828DEB0EB7FBB782328E40035C51B412147A726A8FE2315C12207A8C6F2E28D60C12B9464285890DC94498D23DE88198D23DE08D038E28D008D23DE08D070F1EE878C27DE0816591BBCA656C51B0122CB830755C51B01226BC341F186CDF8DBC51B412107A829DE080A393A3541F53A87609103546379F146B0205F068B370204AF3C174499D138E28D98D138E28D008D23DE08D070F1EE878C27DE0816591BBCA656C51B0122CB830755C51B01226BC341F1863DF2DBC51B412107A829DE080A393A3541F5E28D609103546379A943B0C6116F04081273B0782340F0CA3340B08B28611A47BC11331A47BC11A0E1E2DD0F194FBC112CB236784DAD8A37024496070FAA8A370244D6067BCED69C17451F4F3D6E4902EC3983F254031A386D091216584CF007DFF0DC7432F1FED3210381E50C09C496F4C04EF1A3943F03DCC1EE594B82A051629D0A0947BA1FE0944EA51161B6E8E824B8FEFB2CF8E21A601AE320A59E9EBC31DD43D57621684FB28D43C64FFDB0332D3BBBF264B9B5661A846C5F57D102047D6817A621A868EBB1836D9F8F79119AAA8ADBF0FFB605157E363D6F71F9CED1D19BCFAF5F9D9E170D4E60B2E94494182F22D32BD5E1447114DE9F4E8283F075975ACECB835B8FCD1AA573C5B9F9C7AF2BF7DE93D39BE69659C316BFB53D23DEE1339C21EF5CBD005E71F16E3A68DAB6C0A53E0FFD792B785BAF53D788667EB8C86C284CDB1FFCDF9A0B797CCF9C59F3FC8CA7E957066D6B5AEEDA5F4DF946BBA7C74750276BA6D6526BB96D1F9FC33172F0E49001B3C45567DCA59D44FBDA67FBED9AE7A60FAC63FDBF495B5FA05FED69E2BA13B12EDC7EE719EF21AFB1ABFEE85BF9937AFF3F000000FFFF0300504B01022D0014000600080000002100DDFC953766010000200500001300000000000000000000000000000000005B436F6E74656E745F54797065735D2E786D6C504B01022D00140006000800000021001E911AB7F30000004E0200000B000000000000000000000000009F0300005F72656C732F2E72656C73504B01022D0014000600080000002100D664B351FA000000310300001C00000000000000000000000000C3060000776F72642F5F72656C732F646F63756D656E742E786D6C2E72656C73504B01022D00140006000800000021003E3A40B5D5010000040400001100000000000000000000000000FF080000776F72642F646F63756D656E742E786D6C504B01022D001400060008000000210096B5ADE296060000501B00001500000000000000000000000000030B0000776F72642F7468656D652F7468656D65312E786D6C504B01022D0014000600080000002100D354E65FB7020000300600001100000000000000000000000000CC110000776F72642F73657474696E67732E786D6C504B01022D0014000600080000002100F5813D7F87010000070400001200000000000000000000000000B2140000776F72642F666F6E745461626C652E786D6C504B01022D00140006000800000021004AD88A92BB00000004010000140000000000000000000000000069160000776F72642F77656253657474696E67732E786D6C504B01022D0014000600080000002100E9D79BEA70010000C2020000100000000000000000000000000056170000646F6350726F70732F6170702E786D6C504B01022D0014000600080000002100C9737DE344010000750200001100000000000000000000000000FC190000646F6350726F70732F636F72652E786D6C504B01022D0014000600080000002100094AFF7015070000F83900000F00000000000000000000000000771C0000776F72642F7374796C65732E786D6C504B0506000000000B000B00C1020000B92300000000,'Fri Mar 04 09:02:42 IST 2016');
/*!40000 ALTER TABLE `add_note` ENABLE KEYS */;


--
-- Definition of table `askadmin`
--

DROP TABLE IF EXISTS `askadmin`;
CREATE TABLE `askadmin` (
  `sno` int(10) unsigned NOT NULL auto_increment,
  `Fid` varchar(45) NOT NULL,
  `Fname` varchar(45) NOT NULL,
  `EmailId` varchar(45) NOT NULL,
  `Query` varchar(1000) NOT NULL,
  PRIMARY KEY  USING BTREE (`sno`)
) ENGINE=InnoDB AUTO_INCREMENT=2 DEFAULT CHARSET=latin1;

--
-- Dumping data for table `askadmin`
--

/*!40000 ALTER TABLE `askadmin` DISABLE KEYS */;
INSERT INTO `askadmin` (`sno`,`Fid`,`Fname`,`EmailId`,`Query`) VALUES 
 (1,'1004','Rohit Sharma','rohit@gmail.com','hello');
/*!40000 ALTER TABLE `askadmin` ENABLE KEYS */;


--
-- Definition of table `assignment`
--

DROP TABLE IF EXISTS `assignment`;
CREATE TABLE `assignment` (
  `idassignment` int(10) unsigned NOT NULL auto_increment,
  `FacultyName` varchar(45) NOT NULL,
  `SubjectName` varchar(45) NOT NULL,
  `FileName` varchar(45) NOT NULL,
  `Assignment` longblob NOT NULL,
  `UploadedOn` varchar(45) NOT NULL,
  `Date_Of_Exam` varchar(45) NOT NULL,
  PRIMARY KEY  (`idassignment`)
) ENGINE=InnoDB AUTO_INCREMENT=12 DEFAULT CHARSET=latin1;

--
-- Dumping data for table `assignment`
--

/*!40000 ALTER TABLE `assignment` DISABLE KEYS */;
INSERT INTO `assignment` (`idassignment`,`FacultyName`,`SubjectName`,`FileName`,`Assignment`,`UploadedOn`,`Date_Of_Exam`) VALUES 
 (9,'rohit sharma','Java','Java_  assignment 1.docx',0x504B030414000600080000002100DDFC95376601000020050000130008025B436F6E74656E745F54797065735D2E786D6C20A2040228A000020000000000000000000000000000000000000000000000000000000000000000000000000000000000000000000000000000000000000000000000000000000000000000000000000000000000000000000000000000000000000000000000000000000000000000000000000000000000000000000000000000000000000000000000000000000000000000000000000000000000000000000000000000000000000000000000000000000000000000000000000000000000000000000000000000000000000000000000000000000000000000000000000000000000000000000000000000000000000000000000000000000000000000000000000000000000000000000000000000000000000000000000000000000000000000000000000000000000000000000000000000000000000000000000000000000000000000000000000000000000000000000000000000000000000000000000000000000000000000000000000000000000000000000000000000000000000000000000000000000000000000000000000000000000000000000000000000000000000000000000000000000000000000000000000000000000000000000000000000000000000000000000000000000000000000000000000000000000000000000000000000000000000000000000000000000000000000000000000000000000000000B454CB6EC23010BC57EA3F44BE5689A187AAAA081CFA38B648A51F60EC0D58F54BF6F2FAFB6E0244550B412AE5122959EFCCECECC483D1DA9A6C093169EF4AD62F7A2C0327BDD26E56B28FC94B7ECFB284C22961BC83926D20B1D1F0FA6A30D904481975BB54B2396278E03CC93958910A1FC051A5F2D10AA4D738E341C84F31037EDBEBDD71E91D82C31C6B0C361C3C41251606B3E7357DDE2A896012CB1EB7076BAE9289108C960249295F3AF58325DF3114D4D99C49731DD20DC960FC20435D394EB0EB7B236BA256908D45C4576149065FF9A8B8F272616986A21BE6804E5F555A42DB5FA385E825A4449E5B53B4152BB4DBEB3FAA23E1C640FA7F155BDC2E7AD2398E3E244E7B399B1FEACD2B5039591120A2867675C7470744B2EC12C3EF90BBC66F52809477E0CDB37FB6070DCC49CA8A7E8989981A389BEF57F25AE8932256307DBF98FBDFC0BB84B4F9933EFEC18CFD7551771F481D6FEEB7E117000000FFFF0300504B0304140006000800000021001E911AB7F30000004E0200000B0008025F72656C732F2E72656C7320A2040228A0000200000000000000000000000000000000000000000000000000000000000000000000000000000000000000000000000000000000000000000000000000000000000000000000000000000000000000000000000000000000000000000000000000000000000000000000000000000000000000000000000000000000000000000000000000000000000000000000000000000000000000000000000000000000000000000000000000000000000000000000000000000000000000000000000000000000000000000000000000000000000000000000000000000000000000000000000000000000000000000000000000000000000000000000000000000000000000000000000000000000000000000000000000000000000000000000000000000000000000000000000000000000000000000000000000000000000000000000000000000000000000000000000000000000000000000000000000000000000000000000000000000000000000000000000000000000000000000000000000000000000000000000000000000000000000000000000000000000000000000000000000000000000000000000000000000000000000000000000000000000000000000000000000000000000000000000000000000000000000000000000000000000000000000000000000000000000000000000000000000000000000008C92DB4A03410C86EF05DF61C87D37DB0A22D2D9DE48A17722EB038499EC01770ECCA4DABEBDA320BA50DB5EE6F4E7CB4FD69B839BD43BA73C06AF6159D5A0D89B6047DF6B786DB78B075059C85B9A82670D47CEB0696E6FD62F3C9194A13C8C31ABA2E2B38641243E226633B0A35C85C8BE54BA901C4909538F91CC1BF58CABBABEC7F457039A99A6DA590D6967EF40B5C758365FD60E5D371A7E0A66EFD8CB8915C807616FD92E622A6C49C6728D6A29F52C1A6C30CF259D9162AC0A36E069A2D5F544FF5F8B8E852C09A10989CFF37C759C035A5E0F74D9A279C7AF3B1F21592C167D7BFB4383B32F683E010000FFFF0300504B030414000600080000002100D664B351FA000000310300001C000801776F72642F5F72656C732F646F63756D656E742E786D6C2E72656C7320A2040128A0000100000000000000000000000000000000000000000000000000000000000000000000000000000000000000000000000000000000000000000000000000000000000000000000000000000000000000000000000000000000000000000000000000000000000000000000000000000000000000000000000000000000000000000000000000000000000000000000000000000000000000000000000000000000000000000000000000000000000000000000000000000000000000000000000000000000000000000000000000000000000000000000000000000000000000000000000000000000000000000000000000000000000000000000000000000000AC92CD6AC3301084EF85BE83D87B2D3BFDA184C8B99440AEADFB008ABDFEA1B224B49BB67EFB0A43528706F7E28B604668E693B49BED776FC42706EA9C5590252908B4A5AB3ADB28782F7677CF2088B5ADB47116150C48B0CD6F6F36AF6834C743D4769E444CB1A4A065F66B29A96CB1D794388F36EED42EF49AA30C8DF4BAFCD00DCA559A3EC930CD80FC2253EC2B05615FDD8328061F9BFFCF7675DD95F8E2CA638F96AF54C82F3CBC2173BC1CC5581D1A6405133389B420AF83AC9604A13F1427670E215B148107133FF3FC0C34EAB9FAC725EB398E08FEB68F528E6B36C7F0B02443ED2C17FA60261C67EB04212F063DFF010000FFFF0300504B03041400060008000000210035D4BF7FD50100000604000011000000776F72642F646F63756D656E742E786D6C9C53DB8ADB30107D2FF41F8CDF135F9A6C8289B394262E140A4BB7FD0045966D514B2324D96EFAF51DC956BA6D61097D9134339A73E67A78FC21FA6864DA7090659CADD338629242CD655BC6DFBE56AB7D1C194B644D7A90AC8CAFCCC48FC7B76F0E5351031D0493364208698A11AD9DB5AA4812433B2688598362128D0D68412C8ABA4D04D1DF07B5A22014B1FCC27B6EAF499EA60FF10203653C68592C102BC1A906038D752E05340DA76CB98287BE8777F63C2D217BC644B31E6300693AAE4C4013FF8B86297601647C2D8951F4E1DFA4EE61AB3599B01FA29FC39E40D74A0365C6A0F6341B6F8859FA1AF752400771F3B827843F3943248270798371D3F157FF6FCD5B63F392993B7150BF13C15A1C71962E505FDDADA2A9C059ACBF94719A7EA876DB731507D5893564E8ADB39CF36C57A5DE533B377BFC44461245044BD24A3F94D921717A77E2173C95FB6818B54F3A20FE4BF28C76A7DD9FB79BF7952750EDF34F7498703BF27C83FB31151DBEB77B7C273EE6F633719016B09BD966FEA279DB2152102F602DE06805B967CD0B6BC748CD708C77B9876F00EC0BB11DAC17173A0ABD4136A308C58A3B171F056EE347CD6BB4F45CB2276E2946F9EEC15B31FB39715F88B9D6A80B0B7CFC050000FFFF0300504B03041400060008000000210096B5ADE296060000501B000015000000776F72642F7468656D652F7468656D65312E786D6CEC594F6FDB3614BF0FD87720746F6327761A07758AD8B19B2D4D1BC46E871E698996D850A240D2497D1BDAE38001C3BA618715D86D87615B8116D8A5FB34D93A6C1DD0AFB0475292C5585E9236D88AAD3E2412F9E3FBFF1E1FA9ABD7EEC70C1D1221294FDA5EFD72CD4324F1794093B0EDDD1EF62FAD79482A9C0498F184B4BD2991DEB58DF7DFBB8AD755446282607D22D771DB8B944AD79796A40FC3585EE62949606ECC458C15BC8A702910F808E8C66C69B9565B5D8A314D3C94E018C8DE1A8FA94FD05093F43672E23D06AF89927AC06762A049136785C10607758D9053D965021D62D6F6804FC08F86E4BEF210C352C144DBAB999FB7B4717509AF678B985AB0B6B4AE6F7ED9BA6C4170B06C788A705430ADF71BAD2B5B057D03606A1ED7EBF5BABD7A41CF00B0EF83A6569632CD467FADDEC9699640F6719E76B7D6AC355C7C89FECA9CCCAD4EA7D36C65B258A206641F1B73F8B5DA6A6373D9C11B90C537E7F08DCE66B7BBEAE00DC8E257E7F0FD2BADD5868B37A088D1E4600EAD1DDAEF67D40BC898B3ED4AF81AC0D76A197C86826828A24BB318F3442D8AB518DFE3A20F000D6458D104A9694AC6D88728EEE2782428D60CF03AC1A5193BE4CBB921CD0B495FD054B5BD0F530C1931A3F7EAF9F7AF9E3F45C70F9E1D3FF8E9F8E1C3E3073F5A42CEAA6D9C84E5552FBFFDECCFC71FA33F9E7EF3F2D117D57859C6FFFAC327BFFCFC793510D26726CE8B2F9FFCF6ECC98BAF3EFDFDBB4715F04D814765F890C644A29BE408EDF3181433567125272371BE15C308D3F28ACD249438C19A4B05FD9E8A1CF4CD296699771C393AC4B5E01D01E5A30A787D72CF1178108989A2159C77A2D801EE72CE3A5C545A6147F32A99793849C26AE66252C6ED637C58C5BB8B13C7BFBD490A75330F4B47F16E441C31F7184E140E494214D273FC80900AEDEE52EAD87597FA824B3E56E82E451D4C2B4D32A423279A668BB6690C7E9956E90CFE766CB37B077538ABD27A8B1CBA48C80ACC2A841F12E698F13A9E281C57911CE298950D7E03ABA84AC8C154F8655C4F2AF074481847BD804859B5E696007D4B4EDFC150B12ADDBECBA6B18B148A1E54D1BC81392F23B7F84137C2715A851DD0242A633F900710A218ED715505DFE56E86E877F0034E16BAFB0E258EBB4FAF06B769E888340B103D3311DA9750AA9D0A1CD3E4EFCA31A3508F6D0C5C5C398602F8E2EBC71591F5B616E24DD893AA3261FB44F95D843B5974BB5C04F4EDAFB95B7892EC1108F3F98DE75DC97D5772BDFF7CC95D94CF672DB4B3DA0A6557F70DB629362D72BCB0431E53C6066ACAC80D699A6409FB44D08741BDCE9C0E4971624A2378CCEABA830B05366B90E0EA23AAA241845368B0EB9E2612CA8C742851CA251CECCC70256D8D87265DD96361531F186C3D9058EDF2C00EAFE8E1FC5C509031BB4D680E9F39A3154DE0ACCC56AE644441EDD76156D7429D995BDD88664A9DC3AD50197C38AF1A0C16D684060441DB02565E85F3B9660D0713CC48A0ED6EF7DEDC2DC60B17E92219E180643ED27ACFFBA86E9C94C78AB90980D8A9F0913EE49D62B512B79626FB06DCCEE2A432BBC60276B9F7DEC44B7904CFBCA4F3F6443AB2A49C9C2C41476DAFD55C6E7AC8C769DB1BC399161EE314BC2E75CF8759081743BE1236EC4F4D6693E5336FB672C5DC24A8C33585B5FB9CC24E1D4885545B58463634CC5416022CD19CACFCCB4D30EB45296023FD35A458598360F8D7A4003BBAAE25E331F155D9D9A5116D3BFB9A95523E51440CA2E0088DD844EC6370BF0E55D027A012AE264C45D02F708FA6AD6DA6DCE29C255DF9F6CAE0EC38666984B372AB5334CF640B37795CC860DE4AE2816E95B21BE5CEAF8A49F90B52A51CC6FF3355F47E0237052B81F6800FD7B802239DAF6D8F0B1571A8426944FDBE80C6C1D40E8816B88B8569082AB84C36FF0539D4FF6DCE591A26ADE1C0A7F669880485FD484582903D284B26FA4E2156CFF62E4B9265844C4495C495A9157B440E091BEA1AB8AAF7760F4510EAA69A6465C0E04EC69FFB9E65D028D44D4E39DF9C1A52ECBD3607FEE9CEC7263328E5D661D3D0E4F62F44ACD855ED7AB33CDF7BCB8AE889599BD5C8B3029895B6825696F6AF29C239B75A5BB1E6345E6EE6C28117E73586C1A2214AE1BE07E93FB0FF51E133FB65426FA843BE0FB515C187064D0CC206A2FA926D3C902E907670048D931DB4C1A44959D366AD93B65ABE595F70A75BF03D616C2DD959FC7D4E6317CD99CBCEC9C58B34766661C7D6766CA1A9C1B327531486C6F941C638C67CD22A7F75E2A37BE0E82DB8DF9F30254D30C1372581A1F51C983C80E4B71CCDD28DBF000000FFFF0300504B030414000600080000002100DCAD59ADBE0200003006000011000000776F72642F73657474696E67732E786D6C9C54ED6E9B3014FD3F69EF80F8BD04423E9AA1D26A6B9B7DA8DDA6D13E80012758B57D2DDB84644FBF6BC0A5D1AAAADA2FEC73EE3DBE9F9C5F1E040FF6541B06320B67D3380CA82CA1627297850FF79BC93A0C8C25B2221C24CDC22335E1E5C5FB77E76D6AA8B5686602949026852C6CB44C4D595341CC44B0528381AD9D942052D86E5949874F3878E82CACAD5569140D4E535054A2DA16B420D64C41EFA2DEF31ACA465069A3248E5791A69C580CD8D44C19AF26FE570D9FAABDC8FEB524F6827BBB7616BF6639A4DB82AE9E3CDE129E73501A4A6A0C5656F03E5D4198F43286BF45A7AFE72D2B34D1C7672217D8B63F0022685345758905C59E2FD661E4888A6E49C3ED3D29720B0A4DF6041F3B4BE29E2E6BA24969A9CE152931BA2B905603F77615FC007B0542690C7EF0C01BB19D36CE5765DC23EEF01BC07AB738BE4966679BE10DC78ECC6CBD98AF3EF65AA74C721D9FCD572F31EB9BE5E2D3E625667C27EAC3C07844EA9AFF4BFBD306730A449FF81511856624B873E3814988B4D08F9F99F47C41714CE973266F0A4F4E263D6104E17C8375F3044E46CF54CCA86BBAED84F91DD1BB51B92B8648F58B2876E9FB939AEB20D55F3434AA576D3551DF6485B07F70B6580C7A4CDA5B263C6E9A22F75E12A7E419D5C8EAE75E3BC1682C509B5A5C6CEA2A744BE4CE7789CAC943EE4CDBB4E43A77CB4FEF885238206852EC6659C8D9AEB6B310AF166F15D18FDDA5D8250397741CDE1CD75D48E93243EBE1E00CFA235A0D87119B7B6C3E620B8F2D466CE9B1E588AD3CB672587DC4B5E04C3EE292F9A3C3B7C039B4B4FAEAC12CFC07EA8B606AA228F6D56D120E18A41D30AC9609F6293DE0CED18A59FCAF2A560972C8C2245E763D1AAC393942634F6C9D923356276850114B7083BB569D3863EBF0077D1A8BDBF092E140E647518C8B3BED03E7CCD89C2ADC710B1A53EE96FF43A73CFEEA2FFE020000FFFF0300504B030414000600080000002100F5813D7F870100000704000012000000776F72642F666F6E745461626C652E786D6CA4924D6E83301085F7957A07E47D83213F4D504814D166D945D51E60424CB0846DE4714273FB0E98D04554296941B2C49BF163FCF92DD75FAA0A4EC2A2343A65D188B340E8DCECA53EA4ECF363FB3467013AD07BA88C16293B0B64EBD5E3C3B2490AA31D06B45F636253563A57276188792914E0C8D44253AD305681A34F7B084D51C85CBC98FCA8847661CCF92CB4A20247FFC652D6C87AB7E616B7C6D87D6D4D2E10695855793F0552B3553F5DD0241A144D9D4125775676851AB4411151ED0455CA78CCB77C4A6BFB4EF8B85D59D83AE42558146E68E45E2E40C9EA7C51B19188BE504B979717FD0456C2AE12BE84F2408523EE78CA5E23CE79BCDD32AF44299B90B0C90625A6A1FCB3E87BC68342D74383753E5D4BB4E87C48219F7E573767E8EFE78AC48754028337D104EF468147754D24E6332231251E2D99F15D446CE7DB11BC95080D1E6F86F3D34932529EE793A83FFF5D44BCCFED443250140DF8251B2D014FA225725F36FE46E23A1B7C32B0F921D1258112F59F6CF421C1D537000000FFFF0300504B0304140006000800000021004AD88A92BB0000000401000014000000776F72642F77656253657474696E67732E786D6C8CCEC16AC3300CC6F17B61EF10745F9DF5304A485228A32FD0F5015C47690CB164246DDEF6F4356C97DD7A149FF8F1EF0F5F696D3E5134320DF0B26DA1410A3C45BA0D70793F3DEFA151F334F9950907F84685C3F8B4E94B57F07A46B3FAA94D55483B196031CB9D731A164C5EB79C91EA36B3246FF5949BE3798E01DF387C242473BBB67D7582ABB75AA04BCC0A7F5A79442B2C53160EA85A43D2FAEB251F09C6DAC8D9628A3F7862390A17457163EFFEB58F77000000FFFF0300504B030414000600080000002100865ED1D670010000C202000010000801646F6350726F70732F6170702E786D6C20A2040128A00001000000000000000000000000000000000000000000000000000000000000000000000000000000000000000000000000000000000000000000000000000000000000000000000000000000000000000000000000000000000000000000000000000000000000000000000000000000000000000000000000000000000000000000000000000000000000000000000000000000000000000000000000000000000000000000000000000000000000000000000000000000000000000000000000000000000000000000000000000000000000000000000000000000000000000000000000000000000000000000000000000000000000000000000000000000009C52CB4EC33010BC23F10F51EED4490F50A18D112A421C78546A68CF96B3492C1CDBB24DD5FE3D9B8684206EF8B4336B8F67C786BB63A79303FAA0AC29D27C91A5091A692B659A227D2F1FAF566912A23095D0D660919E30A477FCF20236DE3AF451614848C284226D6374B78C05D96227C282DA863AB5F59D88047DC36C5D2B890F567E7668225B66D935C36344536175E526C17450BC3DC4FF8A5656F6FEC2AE3C3932CCA1C4CE691191BFF67634B08980D246A14BD521CF899E006C4483A1E78602F6D657812F810D05AC5BE1858C141DCF6F80CD20DC3BA795149132E52F4A7A1B6C1D93B7F3F4497F1CD87C0B50225B949F5EC513CF80CD213C2B33D8180AB2E545E3856BBFBD4D08B652685CD3D8BC163A20B01F02D6B673C29C38F91C2BD2FB08EFAEB40F7D2EDF477E93B319F72AB65B2764EF65359F76D6802D458215D91FE57E0878A297F0BABF9392320D56E39EBF8D3EBFDDF02579BE5C64B4CE818D1C3DC9F457F817000000FFFF0300504B030414000600080000002100958849C3470100007502000011000801646F6350726F70732F636F72652E786D6C20A2040128A00001000000000000000000000000000000000000000000000000000000000000000000000000000000000000000000000000000000000000000000000000000000000000000000000000000000000000000000000000000000000000000000000000000000000000000000000000000000000000000000000000000000000000000000000000000000000000000000000000000000000000000000000000000000000000000000000000000000000000000000000000000000000000000000000000000000000000000000000000000000000000000000000000000000000000000000000000000000000000000000000000000000000000000000000000000000008C92C16AC3300C86EF83BD43F03DB1D394324292C2367A5A61B08E8DDE8CADB666B1636CB769DF7E76926629DB614749BF3EFD925D2CCFB28E4E60AC685489D284A008146BB850FB12BD6F56F1038AACA38AD3BA5150A20B58B4ACEEEF0AA673D61878358D06E304D8C89394CD992ED1C1399D636CD90124B58957285FDC354652E743B3C79AB22FBA073C2364812538CAA9A33800633D12D180E46C44EAA3A93B0067186A90A09CC56992E21FAD0323ED9F0D5D65A294C25DB4DF69B03B6573D61747F5D98A51D8B66DD2669D0DEF3FC59FEB97B76ED558A8702B06A82A38CB9901EA1A531D2D98024F12E17835B56EEDEFBC13C01F2F83E6773E480D9C44789F2A2DF034F433BA95FA41C0236F32EF57BA563EB2A7E7CD0A5533922E6292C564BE21599E653921DB60E9A63F98EE137230F67FE2FC967805549DE3DB8F527D030000FFFF0300504B030414000600080000002100094AFF7015070000F83900000F000000776F72642F7374796C65732E786D6CB49BDF73D33810C7DF6FE6FE078FDF216D020974084C29F4E84CE10A69E79E155BA9353856CE52687B7FFD492B5B75EDD8DEADCD13F50FED67A55D7DD72DDA771FEEB769F08BE74AC86C191EBF3C0A039E453216D9ED32BCB93E7FF1260C946659CC5299F165F8C055F8E1FD9F7FBCBB3B51FA21E52A30063275922FC344EBDDC964A2A2846F997A29773C33CF3632DF326D2EF3DB89DC6C44C43FC968BFE5999E4C8F8EE6939CA74C1BB84AC44E8585B53B8CB53B99C7BB5C465C29E3ED3675F6B64C64E17BE35E2CA34F7CC3F6A956F632BFCA8BCBE20AFE39979956C1DD09539110D7C67133C5ADC864FEE5345322344F3853FA540976F06162DF3AF82452BA62EDA3884538B144F59FB1F98BA5CB703A2DEF9C590F9EDC4B59765BDEE3D98B9B55D59365E86FAD8DDD65C8F217AB536B6C02D32CFFAD4C77F764F2E60A5CD9B1C82C9CE1B08DE62680261E96930A1BE8E9625E5EFCD8A7E606DB6B5940C0808155CD9ACBDA8A9BB89A28AF5C9698A77C7329A39F3C5E69F3601902CBDCBCB9B8CA85CC857E58866FDF5AA6B9B9E25BF145C431B74959DCBBC91211F37F129EDD281E3FDEFF7E0E2956588CE43ED3C6FDF902B22055F1E7FB88EF6C8A19D319B311FE6607A4D6ACAA70C0A1BD78F4C6DDA851E1E6BF25F2D8C5F02025E1CC6EA300FCEF04C1ACF78341533BA3EA04C02EC9D7D97013AF869B783DDC0424EFB0B5580CF7C288E7D088B8DCA864253EA85A462EF9AAEB307BDB91B27644238B7A473492A6774423477A473452A2774423037A473402DE3BA211DFDE118D70768E881808573D8B66B01AA88D7D2D74CAEDF84E013A1E287545A909AE58CE6E73B64B025B58EB6E7789E56ABFD63857414E9F2F962B9DCBECB677454C75B65BF7D99AFC79BB4B9812E68BA667E9A70397FE9AAD531EFC958BB817F5DA255F634EF06172B0845DA52CE2894C639E07D7FCDE459430FE9B0C56EE2BA3D7B98161BD14B7890E560994DC5ED8BC65D1DB57C2D9BF140AD6A07333CD5BA6D2671C15C3794B5EB61BFFCA63B1DF964B83F81A993B3D2784B9860017BB97E8950D517377F5CEC206003305572EE85300FB08FF5D71A1DBB731C6F8EF4AD133ED23FC7785EB99F6213FBAE34B569A4F2CFF19A0B6D782BC77CF642AF3CD3E2DF740AF3C2CC83BD8237053206F626F1F25120BF20E7E229FC1691499DFDC30794A8EC5A38E1228E470380A6C36FC5CC841A9C9DE316146E400D55853026B98D6124064D1FDC17F09FB87276A310095F6DF9ABDDB79D6B202A604A1BEA1BFEFA5EEFF869EB6681E967291993F97281EE068B3969D87A515F9E4EA1D21C6C30A1F0134AC021240C34A2101D4921FEDDF3CBE26E221C38B23814596655FC520EDD0CABC202BB307D14AC0487513F1FDD5B27BDB73A15937111472809A7513412147A756CB7CDD44B046AB9B08564BD5688F515553299322D7CD2AC87F092066348E782340E3883702348E782340C3C5BB1F329E782358646DF09A5A156F04085EA1FCAAEF4155F14680C8DAE0D4AEF89B5159F7C04AF72FB723883782420E5053BC11147274DAC41BC182572899506379A943B0C6116F04681CF14680C6116F04681CF14680C6116F0468B878F743C6136F048BAC0D5E53ABE28D0091E5C183AAE28D00C12B146D3828DEB0EB7FBB782328E40035C51B412147A726A8FE2315C12207A8C6F2E28D60C12B9464285890DC94498D23DE88198D23DE08D038E28D008D23DE08D070F1EE878C27DE0816591BBCA656C51B0122CB830755C51B01226BC341F186CDF8DBC51B412107A829DE080A393A3541F53A87609103546379F146B0205F068B370204AF3C174499D138E28D98D138E28D008D23DE08D070F1EE878C27DE0816591BBCA656C51B0122CB830755C51B01226BC341F1863DF2DBC51B412107A829DE080A393A3541F5E28D609103546379A943B0C6116F04081273B0782340F0CA3340B08B28611A47BC11331A47BC11A0E1E2DD0F194FBC112CB236784DAD8A37024496070FAA8A370244D6067BCED69C17451F4F3D6E4902EC3983F254031A386D091216584CF007DFF0DC7432F1FED3210381E50C09C496F4C04EF1A3943F03DCC1EE594B82A051629D0A0947BA1FE0944EA51161B6E8E824B8FEFB2CF8E21A601AE320A59E9EBC31DD43D57621684FB28D43C64FFDB0332D3BBBF264B9B5661A846C5F57D102047D6817A621A868EBB1836D9F8F79119AAA8ADBF0FFB605157E363D6F71F9CED1D19BCFAF5F9D9E170D4E60B2E94494182F22D32BD5E1447114DE9F4E8283F075975ACECB835B8FCD1AA573C5B9F9C7AF2BF7DE93D39BE69659C316BFB53D23DEE1339C21EF5CBD005E71F16E3A68DAB6C0A53E0FFD792B785BAF53D788667EB8C86C284CDB1FFCDF9A0B797CCF9C59F3FC8CA7E957066D6B5AEEDA5F4DF946BBA7C74750276BA6D6526BB96D1F9FC33172F0E49001B3C45567DCA59D44FBDA67FBED9AE7A60FAC63FDBF495B5FA05FED69E2BA13B12EDC7EE719EF21AFB1ABFEE85BF9937AFF3F000000FFFF0300504B01022D0014000600080000002100DDFC953766010000200500001300000000000000000000000000000000005B436F6E74656E745F54797065735D2E786D6C504B01022D00140006000800000021001E911AB7F30000004E0200000B000000000000000000000000009F0300005F72656C732F2E72656C73504B01022D0014000600080000002100D664B351FA000000310300001C00000000000000000000000000C3060000776F72642F5F72656C732F646F63756D656E742E786D6C2E72656C73504B01022D001400060008000000210035D4BF7FD5010000060400001100000000000000000000000000FF080000776F72642F646F63756D656E742E786D6C504B01022D001400060008000000210096B5ADE296060000501B00001500000000000000000000000000030B0000776F72642F7468656D652F7468656D65312E786D6C504B01022D0014000600080000002100DCAD59ADBE020000300600001100000000000000000000000000CC110000776F72642F73657474696E67732E786D6C504B01022D0014000600080000002100F5813D7F87010000070400001200000000000000000000000000B9140000776F72642F666F6E745461626C652E786D6C504B01022D00140006000800000021004AD88A92BB00000004010000140000000000000000000000000070160000776F72642F77656253657474696E67732E786D6C504B01022D0014000600080000002100865ED1D670010000C202000010000000000000000000000000005D170000646F6350726F70732F6170702E786D6C504B01022D0014000600080000002100958849C347010000750200001100000000000000000000000000031A0000646F6350726F70732F636F72652E786D6C504B01022D0014000600080000002100094AFF7015070000F83900000F00000000000000000000000000811C0000776F72642F7374796C65732E786D6C504B0506000000000B000B00C1020000C32300000000,'Fri Mar 04 09:04:32 IST 2016','10-march-2016'),
 (10,'rohit sharma','Java','Java_ Assignment2.docx',0x504B030414000600080000002100DDFC95376601000020050000130008025B436F6E74656E745F54797065735D2E786D6C20A2040228A000020000000000000000000000000000000000000000000000000000000000000000000000000000000000000000000000000000000000000000000000000000000000000000000000000000000000000000000000000000000000000000000000000000000000000000000000000000000000000000000000000000000000000000000000000000000000000000000000000000000000000000000000000000000000000000000000000000000000000000000000000000000000000000000000000000000000000000000000000000000000000000000000000000000000000000000000000000000000000000000000000000000000000000000000000000000000000000000000000000000000000000000000000000000000000000000000000000000000000000000000000000000000000000000000000000000000000000000000000000000000000000000000000000000000000000000000000000000000000000000000000000000000000000000000000000000000000000000000000000000000000000000000000000000000000000000000000000000000000000000000000000000000000000000000000000000000000000000000000000000000000000000000000000000000000000000000000000000000000000000000000000000000000000000000000000000000000000000000000000000000000000B454CB6EC23010BC57EA3F44BE5689A187AAAA081CFA38B648A51F60EC0D58F54BF6F2FAFB6E0244550B412AE5122959EFCCECECC483D1DA9A6C093169EF4AD62F7A2C0327BDD26E56B28FC94B7ECFB284C22961BC83926D20B1D1F0FA6A30D904481975BB54B2396278E03CC93958910A1FC051A5F2D10AA4D738E341C84F31037EDBEBDD71E91D82C31C6B0C361C3C41251606B3E7357DDE2A896012CB1EB7076BAE9289108C960249295F3AF58325DF3114D4D99C49731DD20DC960FC20435D394EB0EB7B236BA256908D45C4576149065FF9A8B8F272616986A21BE6804E5F555A42DB5FA385E825A4449E5B53B4152BB4DBEB3FAA23E1C640FA7F155BDC2E7AD2398E3E244E7B399B1FEACD2B5039591120A2867675C7470744B2EC12C3EF90BBC66F52809477E0CDB37FB6070DCC49CA8A7E8989981A389BEF57F25AE8932256307DBF98FBDFC0BB84B4F9933EFEC18CFD7551771F481D6FEEB7E117000000FFFF0300504B0304140006000800000021001E911AB7F30000004E0200000B0008025F72656C732F2E72656C7320A2040228A0000200000000000000000000000000000000000000000000000000000000000000000000000000000000000000000000000000000000000000000000000000000000000000000000000000000000000000000000000000000000000000000000000000000000000000000000000000000000000000000000000000000000000000000000000000000000000000000000000000000000000000000000000000000000000000000000000000000000000000000000000000000000000000000000000000000000000000000000000000000000000000000000000000000000000000000000000000000000000000000000000000000000000000000000000000000000000000000000000000000000000000000000000000000000000000000000000000000000000000000000000000000000000000000000000000000000000000000000000000000000000000000000000000000000000000000000000000000000000000000000000000000000000000000000000000000000000000000000000000000000000000000000000000000000000000000000000000000000000000000000000000000000000000000000000000000000000000000000000000000000000000000000000000000000000000000000000000000000000000000000000000000000000000000000000000000000000000000000000000000000000000008C92DB4A03410C86EF05DF61C87D37DB0A22D2D9DE48A17722EB038499EC01770ECCA4DABEBDA320BA50DB5EE6F4E7CB4FD69B839BD43BA73C06AF6159D5A0D89B6047DF6B786DB78B075059C85B9A82670D47CEB0696E6FD62F3C9194A13C8C31ABA2E2B38641243E226633B0A35C85C8BE54BA901C4909538F91CC1BF58CABBABEC7F457039A99A6DA590D6967EF40B5C758365FD60E5D371A7E0A66EFD8CB8915C807616FD92E622A6C49C6728D6A29F52C1A6C30CF259D9162AC0A36E069A2D5F544FF5F8B8E852C09A10989CFF37C759C035A5E0F74D9A279C7AF3B1F21592C167D7BFB4383B32F683E010000FFFF0300504B030414000600080000002100D664B351FA000000310300001C000801776F72642F5F72656C732F646F63756D656E742E786D6C2E72656C7320A2040128A0000100000000000000000000000000000000000000000000000000000000000000000000000000000000000000000000000000000000000000000000000000000000000000000000000000000000000000000000000000000000000000000000000000000000000000000000000000000000000000000000000000000000000000000000000000000000000000000000000000000000000000000000000000000000000000000000000000000000000000000000000000000000000000000000000000000000000000000000000000000000000000000000000000000000000000000000000000000000000000000000000000000000000000000000000000000000AC92CD6AC3301084EF85BE83D87B2D3BFDA184C8B99440AEADFB008ABDFEA1B224B49BB67EFB0A43528706F7E28B604668E693B49BED776FC42706EA9C5590252908B4A5AB3ADB28782F7677CF2088B5ADB47116150C48B0CD6F6F36AF6834C743D4769E444CB1A4A065F66B29A96CB1D794388F36EED42EF49AA30C8DF4BAFCD00DCA559A3EC930CD80FC2253EC2B05615FDD8328061F9BFFCF7675DD95F8E2CA638F96AF54C82F3CBC2173BC1CC5581D1A6405133389B420AF83AC9604A13F1427670E215B148107133FF3FC0C34EAB9FAC725EB398E08FEB68F528E6B36C7F0B02443ED2C17FA60261C67EB04212F063DFF010000FFFF0300504B030414000600080000002100FD8B553ED60100000504000011000000776F72642F646F63756D656E742E786D6C9C53DB8ADB30107D2FF41F8CDE133BDE64134C9C656936854261E9B61FA0C8B22D2A698424DB4DBFBE23DB4AB72D2CA12F92664673CE5CF70F3F944C7A6E9D005D92D5322309D70C2AA19B927CFB7A5AEC48E23CD51595A079492EDC9187C3FB77FBA1A880758A6B9F208476458FD6D67B53A4A9632D57D42DC1708DC61AACA21E45DBA48ADAEF9D593050867A711652F84B9A67D93D9961A0249DD5C50CB15082597050FBE052405D0BC6E72B7AD85B7827CFE31CF2C8985A2E3106D0AE15C64534F5BF6898621B41FAB792E8958CFF06730B5B65E980FD50720A7B005B190B8C3B87DAE364BC22AEB2B7B8E7020688ABC72D21FCC919235154E82B4C988EBFFA7F6DDE129B974EDC6980FA9D08D6E280B37486EA126E930C05CE62F5A52459F6E1B4DD3C9D48541D794D3BE98325CFB7DBE3DDE869839B3F7CA23D4D92472C49A3C350E6FB34A8C3893FF034E19FE3CC3FDB08F82FC70BDA8376F7B4593F9E467CD3BCFC4487019723CFD7B81E43D1E27BB3C3773A86DC7CA601D2033673B59EBE58D1B48814C533780F38595196BC7E656D39AD384EF1361FE16B00FF4A6C3A3F8A331D03E990CD19CAB0E0C1658C0297F1A315155AA4D0FC59788651DEDD8F56CC7E4A7C2CC4546AD4C5FD3DFC020000FFFF0300504B03041400060008000000210096B5ADE296060000501B000015000000776F72642F7468656D652F7468656D65312E786D6CEC594F6FDB3614BF0FD87720746F6327761A07758AD8B19B2D4D1BC46E871E698996D850A240D2497D1BDAE38001C3BA618715D86D87615B8116D8A5FB34D93A6C1DD0AFB0475292C5585E9236D88AAD3E2412F9E3FBFF1E1FA9ABD7EEC70C1D1221294FDA5EFD72CD4324F1794093B0EDDD1EF62FAD79482A9C0498F184B4BD2991DEB58DF7DFBB8AD755446282607D22D771DB8B944AD79796A40FC3585EE62949606ECC458C15BC8A702910F808E8C66C69B9565B5D8A314D3C94E018C8DE1A8FA94FD05093F43672E23D06AF89927AC06762A049136785C10607758D9053D965021D62D6F6804FC08F86E4BEF210C352C144DBAB999FB7B4717509AF678B985AB0B6B4AE6F7ED9BA6C4170B06C788A705430ADF71BAD2B5B057D03606A1ED7EBF5BABD7A41CF00B0EF83A6569632CD467FADDEC9699640F6719E76B7D6AC355C7C89FECA9CCCAD4EA7D36C65B258A206641F1B73F8B5DA6A6373D9C11B90C537E7F08DCE66B7BBEAE00DC8E257E7F0FD2BADD5868B37A088D1E4600EAD1DDAEF67D40BC898B3ED4AF81AC0D76A197C86826828A24BB318F3442D8AB518DFE3A20F000D6458D104A9694AC6D88728EEE2782428D60CF03AC1A5193BE4CBB921CD0B495FD054B5BD0F530C1931A3F7EAF9F7AF9E3F45C70F9E1D3FF8E9F8E1C3E3073F5A42CEAA6D9C84E5552FBFFDECCFC71FA33F9E7EF3F2D117D57859C6FFFAC327BFFCFC793510D26726CE8B2F9FFCF6ECC98BAF3EFDFDBB4715F04D814765F890C644A29BE408EDF3181433567125272371BE15C308D3F28ACD249438C19A4B05FD9E8A1CF4CD296699771C393AC4B5E01D01E5A30A787D72CF1178108989A2159C77A2D801EE72CE3A5C545A6147F32A99793849C26AE66252C6ED637C58C5BB8B13C7BFBD490A75330F4B47F16E441C31F7184E140E494214D273FC80900AEDEE52EAD87597FA824B3E56E82E451D4C2B4D32A423279A668BB6690C7E9956E90CFE766CB37B077538ABD27A8B1CBA48C80ACC2A841F12E698F13A9E281C57911CE298950D7E03ABA84AC8C154F8655C4F2AF074481847BD804859B5E696007D4B4EDFC150B12ADDBECBA6B18B148A1E54D1BC81392F23B7F84137C2715A851DD0242A633F900710A218ED715505DFE56E86E877F0034E16BAFB0E258EBB4FAF06B769E888340B103D3311DA9750AA9D0A1CD3E4EFCA31A3508F6D0C5C5C398602F8E2EBC71591F5B616E24DD893AA3261FB44F95D843B5974BB5C04F4EDAFB95B7892EC1108F3F98DE75DC97D5772BDFF7CC95D94CF672DB4B3DA0A6557F70DB629362D72BCB0431E53C6066ACAC80D699A6409FB44D08741BDCE9C0E4971624A2378CCEABA830B05366B90E0EA23AAA241845368B0EB9E2612CA8C742851CA251CECCC70256D8D87265DD96361531F186C3D9058EDF2C00EAFE8E1FC5C509031BB4D680E9F39A3154DE0ACCC56AE644441EDD76156D7429D995BDD88664A9DC3AD50197C38AF1A0C16D684060441DB02565E85F3B9660D0713CC48A0ED6EF7DEDC2DC60B17E92219E180643ED27ACFFBA86E9C94C78AB90980D8A9F0913EE49D62B512B79626FB06DCCEE2A432BBC60276B9F7DEC44B7904CFBCA4F3F6443AB2A49C9C2C41476DAFD55C6E7AC8C769DB1BC399161EE314BC2E75CF8759081743BE1236EC4F4D6693E5336FB672C5DC24A8C33585B5FB9CC24E1D4885545B58463634CC5416022CD19CACFCCB4D30EB45296023FD35A458598360F8D7A4003BBAAE25E331F155D9D9A5116D3BFB9A95523E51440CA2E0088DD844EC6370BF0E55D027A012AE264C45D02F708FA6AD6DA6DCE29C255DF9F6CAE0EC38666984B372AB5334CF640B37795CC860DE4AE2816E95B21BE5CEAF8A49F90B52A51CC6FF3355F47E0237052B81F6800FD7B802239DAF6D8F0B1571A8426944FDBE80C6C1D40E8816B88B8569082AB84C36FF0539D4FF6DCE591A26ADE1C0A7F669880485FD484582903D284B26FA4E2156CFF62E4B9265844C4495C495A9157B440E091BEA1AB8AAF7760F4510EAA69A6465C0E04EC69FFB9E65D028D44D4E39DF9C1A52ECBD3607FEE9CEC7263328E5D661D3D0E4F62F44ACD855ED7AB33CDF7BCB8AE889599BD5C8B3029895B6825696F6AF29C239B75A5BB1E6345E6EE6C28117E73586C1A2214AE1BE07E93FB0FF51E133FB65426FA843BE0FB515C187064D0CC206A2FA926D3C902E907670048D931DB4C1A44959D366AD93B65ABE595F70A75BF03D616C2DD959FC7D4E6317CD99CBCEC9C58B34766661C7D6766CA1A9C1B327531486C6F941C638C67CD22A7F75E2A37BE0E82DB8DF9F30254D30C1372581A1F51C983C80E4B71CCDD28DBF000000FFFF0300504B0304140006000800000021002EEC2B24BA0200003006000011000000776F72642F73657474696E67732E786D6C9C54DB6E9C30107DAFD47F403C771796BD1685446DB6DB8B92B62AC90718F02E566C8F659B25DBAFEF187048DAB48AFA847DCECCF15C39BBB8173C38526D18C82C9C4DE330A0B2848AC94316DEDEEC269B303096C88A7090340B4FD48417E7AF5F9DB5A9A1D6A2990950429A14B2B0D13235654D053113C14A0D06F67652824861BF67251D3EE1E0A1B3B0B656A55134384D4151896A7BD0825833057D887ACF2D948DA0D246491CAF224D39B118B0A999325E4DFCAF1A3E557B91E3BF92380AEEEDDA59FC2FCB21DD1674F5E0F192F09C83D2505263B0B282F7E90AC2A49731FC253A7D3DAF58A1893E3D1239C7B6FD0410419B2AAA4B2C28F67CB109234754744F1A6E6F48915B50687224F8D83A897BBAAC8926A5A53A57A4C4E82E415A0DDCDB55F015EC2508A531F8C1036FC476DA385F95718FB8C30F00EBDDE23849D6EBEDBCF770ECC8CC368BF9EAED73CCDF7D926DBC9EAF9EF3D97C582EDEED1C13F561603C2275CDFFAEFD69873905A24FFC92884233125CBBF1402F9116FAEE3D939E2F288E297DCCE44DE1C9C9A4278C209CEFB06E9EC0C9E8998A19B5A5FB4E985F137D1895BB828B543F8B6297BE3CA8B90E52FD5143A37AD55613F5595608FB07678BC5A0C7A4BD62C2E3A62972EF25714A1E518DACBE1DB5138CC602B5A9C5C5A6AE4257441E7C97A89CDCE6CEB44D4BAE73B7FCF49A2885038226C56196859C1D6A3B0BF16AF156117DD75D8A43327049C7E1CD71DD85942E33B41E0ECEA03FA2D57018B1B9C7E623B6F0D862C4961E5B8ED8CA632B87D5275C0BCEE41D2E993F3A7C0F9C434BAB4F1ECCC23FA0BE08A6268A625FDD26E18041DA01C36A99E098D27BDC395A318BFF55C52A41EEB33089975D8F066B4E4ED0D827B64EC919AB276850114B7083BB563D71EE86FCB758DC86970C07323F89625CDC691F3867C6E654E18E5BD09872B7FC6F3AE5F1577FFE0B0000FFFF0300504B030414000600080000002100F5813D7F870100000704000012000000776F72642F666F6E745461626C652E786D6CA4924D6E83301085F7957A07E47D83213F4D504814D166D945D51E60424CB0846DE4714273FB0E98D04554296941B2C49BF163FCF92DD75FAA0A4EC2A2343A65D188B340E8DCECA53EA4ECF363FB3467013AD07BA88C16293B0B64EBD5E3C3B2490AA31D06B45F636253563A57276188792914E0C8D44253AD305681A34F7B084D51C85CBC98FCA8847661CCF92CB4A20247FFC652D6C87AB7E616B7C6D87D6D4D2E10695855793F0552B3553F5DD0241A144D9D4125775676851AB4411151ED0455CA78CCB77C4A6BFB4EF8B85D59D83AE42558146E68E45E2E40C9EA7C51B19188BE504B979717FD0456C2AE12BE84F2408523EE78CA5E23CE79BCDD32AF44299B90B0C90625A6A1FCB3E87BC68342D74383753E5D4BB4E87C48219F7E573767E8EFE78AC48754028337D104EF468147754D24E6332231251E2D99F15D446CE7DB11BC95080D1E6F86F3D34932529EE793A83FFF5D44BCCFED443250140DF8251B2D014FA225725F36FE46E23A1B7C32B0F921D1258112F59F6CF421C1D537000000FFFF0300504B0304140006000800000021004AD88A92BB0000000401000014000000776F72642F77656253657474696E67732E786D6C8CCEC16AC3300CC6F17B61EF10745F9DF5304A485228A32FD0F5015C47690CB164246DDEF6F4356C97DD7A149FF8F1EF0F5F696D3E5134320DF0B26DA1410A3C45BA0D70793F3DEFA151F334F9950907F84685C3F8B4E94B57F07A46B3FAA94D55483B196031CB9D731A164C5EB79C91EA36B3246FF5949BE3798E01DF387C242473BBB67D7582ABB75AA04BCC0A7F5A79442B2C53160EA85A43D2FAEB251F09C6DAC8D9628A3F7862390A17457163EFFEB58F77000000FFFF0300504B0304140006000800000021001B7A29C270010000C202000010000801646F6350726F70732F6170702E786D6C20A2040128A00001000000000000000000000000000000000000000000000000000000000000000000000000000000000000000000000000000000000000000000000000000000000000000000000000000000000000000000000000000000000000000000000000000000000000000000000000000000000000000000000000000000000000000000000000000000000000000000000000000000000000000000000000000000000000000000000000000000000000000000000000000000000000000000000000000000000000000000000000000000000000000000000000000000000000000000000000000000000000000000000000000000000000000000000000000000009C52CB6EC23010BC57EA3F44B917271CDA0A2D4615A8EAA10F2442395BCE26B1EAD896ED22F8FB6E088454BDD5A79D597B3C3B362C0EAD4EF6E883B2669EE6932C4DD0485B2A53CFD36DF17CF79826210A530A6D0DCED3238674C16F6F60EDAD431F158684244C98A74D8C6EC658900DB6224CA86DA85359DF8A48D0D7CC569592B8B2F2BB4513D934CBEE191E229A12CB3B3708A6BDE26C1FFF2B5A5AD9F90B9FC5D191610E05B64E8B88FCBDB3A3810D0414360A5DA8167946F400602D6A0C3C07D617B0B3BE0C7C0AAC2F60D9082F64A4E8787E0F6C04E1C939ADA48894297F53D2DB60AB987C9CA64FBAE3C0C65B8012D9A0FCF62A1E3B136308AFCAF436FA826C79517BE19AB3B701C1460A8D4B1A9B57420704762560695B27CC9193CF4B457A5F61EB0ABBEA72391FF94D8E66DCA9D86C9C909D9787F1B4A3066C28122CC9FE45EE4AC00BBD84D7DD9D9494A9B1BCECF9DBE8F2FBECBF24CFA7938CD629B00B474F32FC15FE030000FFFF0300504B03041400060008000000210055F8A2AE450100007502000011000801646F6350726F70732F636F72652E786D6C20A2040128A00001000000000000000000000000000000000000000000000000000000000000000000000000000000000000000000000000000000000000000000000000000000000000000000000000000000000000000000000000000000000000000000000000000000000000000000000000000000000000000000000000000000000000000000000000000000000000000000000000000000000000000000000000000000000000000000000000000000000000000000000000000000000000000000000000000000000000000000000000000000000000000000000000000000000000000000000000000000000000000000000000000000000000000000000000000000009C924D6BC3300C86EF83FD87E07B62A7296584C4856DF4B4C2601D1BBD195B6DCD62C7D86ED3FEFB391FCD52B6D38E925E3D7A25BB589E55159DC03A59EB12A5094111685E0BA9F7257ADFACE2071439CFB46055ADA14417706849EFEF0A6E725E5B78B5B501EB25B82890B4CBB929D1C17B9363ECF80114734950E850DCD556311F42BBC786F12FB6073C2364811578269867B805C66624A20129F88834475B7500C13154A0407B87D324C53F5A0F56B93F1BBACA44A9A4BF98B0D36077CA16BC2F8EEAB393A3B0699AA4C93A1BC17F8A3FD72F6FDDAAB1D4EDAD38205A089E730BCCD7961E1DD8024F12EDF12AE6FC3ADC7927413C5E06CDEF7C2BB57092EDFBD0B4C0D330CCE856EA07818882C9BC5FE95AF9C89E9E372B4467245DC4248BC97C43B23C9BE7846C5B4B37FDADE93EA10663FF265E01B4737CFB51E837000000FFFF0300504B030414000600080000002100094AFF7015070000F83900000F000000776F72642F7374796C65732E786D6CB49BDF73D33810C7DF6FE6FE078FDF216D020974084C29F4E84CE10A69E79E155BA9353856CE52687B7FFD492B5B75EDD8DEADCD13F50FED67A55D7DD72DDA771FEEB769F08BE74AC86C191EBF3C0A039E453216D9ED32BCB93E7FF1260C946659CC5299F165F8C055F8E1FD9F7FBCBB3B51FA21E52A30063275922FC344EBDDC964A2A2846F997A29773C33CF3632DF326D2EF3DB89DC6C44C43FC968BFE5999E4C8F8EE6939CA74C1BB84AC44E8585B53B8CB53B99C7BB5C465C29E3ED3675F6B64C64E17BE35E2CA34F7CC3F6A956F632BFCA8BCBE20AFE39979956C1DD09539110D7C67133C5ADC864FEE5345322344F3853FA540976F06162DF3AF82452BA62EDA3884538B144F59FB1F98BA5CB703A2DEF9C590F9EDC4B59765BDEE3D98B9B55D59365E86FAD8DDD65C8F217AB536B6C02D32CFFAD4C77F764F2E60A5CD9B1C82C9CE1B08DE62680261E96930A1BE8E9625E5EFCD8A7E606DB6B5940C0808155CD9ACBDA8A9BB89A28AF5C9698A77C7329A39F3C5E69F3601902CBDCBCB9B8CA85CC857E58866FDF5AA6B9B9E25BF145C431B74959DCBBC91211F37F129EDD281E3FDEFF7E0E2956588CE43ED3C6FDF902B22055F1E7FB88EF6C8A19D319B311FE6607A4D6ACAA70C0A1BD78F4C6DDA851E1E6BF25F2D8C5F02025E1CC6EA300FCEF04C1ACF78341533BA3EA04C02EC9D7D97013AF869B783DDC0424EFB0B5580CF7C288E7D088B8DCA864253EA85A462EF9AAEB307BDB91B27644238B7A473492A6774423477A473452A2774423037A473402DE3BA211DFDE118D70768E881808573D8B66B01AA88D7D2D74CAEDF84E013A1E287545A909AE58CE6E73B64B025B58EB6E7789E56ABFD63857414E9F2F962B9DCBECB677454C75B65BF7D99AFC79BB4B9812E68BA667E9A70397FE9AAD531EFC958BB817F5DA255F634EF06172B0845DA52CE2894C639E07D7FCDE459430FE9B0C56EE2BA3D7B98161BD14B7890E560994DC5ED8BC65D1DB57C2D9BF140AD6A07333CD5BA6D2671C15C3794B5EB61BFFCA63B1DF964B83F81A993B3D2784B9860017BB97E8950D517377F5CEC206003305572EE85300FB08FF5D71A1DBB731C6F8EF4AD133ED23FC7785EB99F6213FBAE34B569A4F2CFF19A0B6D782BC77CF642AF3CD3E2DF740AF3C2CC83BD8237053206F626F1F25120BF20E7E229FC1691499DFDC30794A8EC5A38E1228E470380A6C36FC5CC841A9C9DE316146E400D55853026B98D6124064D1FDC17F09FB87276A310095F6DF9ABDDB79D6B202A604A1BEA1BFEFA5EEFF869EB6681E967291993F97281EE068B3969D87A515F9E4EA1D21C6C30A1F0134AC021240C34A2101D4921FEDDF3CBE26E221C38B23814596655FC520EDD0CABC202BB307D14AC0487513F1FDD5B27BDB73A15937111472809A7513412147A756CB7CDD44B046AB9B08564BD5688F515553299322D7CD2AC87F092066348E782340E3883702348E782340C3C5BB1F329E782358646DF09A5A156F04085EA1FCAAEF4155F14680C8DAE0D4AEF89B5159F7C04AF72FB723883782420E5053BC11147274DAC41BC182572899506379A943B0C6116F04681CF14680C6116F04681CF14680C6116F0468B878F743C6136F048BAC0D5E53ABE28D0091E5C183AAE28D00C12B146D3828DEB0EB7FBB782328E40035C51B412147A726A8FE2315C12207A8C6F2E28D60C12B9464285890DC94498D23DE88198D23DE08D038E28D008D23DE08D070F1EE878C27DE0816591BBCA656C51B0122CB830755C51B01226BC341F186CDF8DBC51B412107A829DE080A393A3541F53A87609103546379F146B0205F068B370204AF3C174499D138E28D98D138E28D008D23DE08D070F1EE878C27DE0816591BBCA656C51B0122CB830755C51B01226BC341F1863DF2DBC51B412107A829DE080A393A3541F5E28D609103546379A943B0C6116F04081273B0782340F0CA3340B08B28611A47BC11331A47BC11A0E1E2DD0F194FBC112CB236784DAD8A37024496070FAA8A370244D6067BCED69C17451F4F3D6E4902EC3983F254031A386D091216584CF007DFF0DC7432F1FED3210381E50C09C496F4C04EF1A3943F03DCC1EE594B82A051629D0A0947BA1FE0944EA51161B6E8E824B8FEFB2CF8E21A601AE320A59E9EBC31DD43D57621684FB28D43C64FFDB0332D3BBBF264B9B5661A846C5F57D102047D6817A621A868EBB1836D9F8F79119AAA8ADBF0FFB605157E363D6F71F9CED1D19BCFAF5F9D9E170D4E60B2E94494182F22D32BD5E1447114DE9F4E8283F075975ACECB835B8FCD1AA573C5B9F9C7AF2BF7DE93D39BE69659C316BFB53D23DEE1339C21EF5CBD005E71F16E3A68DAB6C0A53E0FFD792B785BAF53D788667EB8C86C284CDB1FFCDF9A0B797CCF9C59F3FC8CA7E957066D6B5AEEDA5F4DF946BBA7C74750276BA6D6526BB96D1F9FC33172F0E49001B3C45567DCA59D44FBDA67FBED9AE7A60FAC63FDBF495B5FA05FED69E2BA13B12EDC7EE719EF21AFB1ABFEE85BF9937AFF3F000000FFFF0300504B01022D0014000600080000002100DDFC953766010000200500001300000000000000000000000000000000005B436F6E74656E745F54797065735D2E786D6C504B01022D00140006000800000021001E911AB7F30000004E0200000B000000000000000000000000009F0300005F72656C732F2E72656C73504B01022D0014000600080000002100D664B351FA000000310300001C00000000000000000000000000C3060000776F72642F5F72656C732F646F63756D656E742E786D6C2E72656C73504B01022D0014000600080000002100FD8B553ED6010000050400001100000000000000000000000000FF080000776F72642F646F63756D656E742E786D6C504B01022D001400060008000000210096B5ADE296060000501B00001500000000000000000000000000040B0000776F72642F7468656D652F7468656D65312E786D6C504B01022D00140006000800000021002EEC2B24BA020000300600001100000000000000000000000000CD110000776F72642F73657474696E67732E786D6C504B01022D0014000600080000002100F5813D7F87010000070400001200000000000000000000000000B6140000776F72642F666F6E745461626C652E786D6C504B01022D00140006000800000021004AD88A92BB0000000401000014000000000000000000000000006D160000776F72642F77656253657474696E67732E786D6C504B01022D00140006000800000021001B7A29C270010000C202000010000000000000000000000000005A170000646F6350726F70732F6170702E786D6C504B01022D001400060008000000210055F8A2AE45010000750200001100000000000000000000000000001A0000646F6350726F70732F636F72652E786D6C504B01022D0014000600080000002100094AFF7015070000F83900000F000000000000000000000000007C1C0000776F72642F7374796C65732E786D6C504B0506000000000B000B00C1020000BE2300000000,'Fri Mar 04 09:05:36 IST 2016','20-march-2016'),
 (11,'rohit sharma','Java','Java_  assignment 1.docx',0x504B030414000600080000002100DDFC95376601000020050000130008025B436F6E74656E745F54797065735D2E786D6C20A2040228A000020000000000000000000000000000000000000000000000000000000000000000000000000000000000000000000000000000000000000000000000000000000000000000000000000000000000000000000000000000000000000000000000000000000000000000000000000000000000000000000000000000000000000000000000000000000000000000000000000000000000000000000000000000000000000000000000000000000000000000000000000000000000000000000000000000000000000000000000000000000000000000000000000000000000000000000000000000000000000000000000000000000000000000000000000000000000000000000000000000000000000000000000000000000000000000000000000000000000000000000000000000000000000000000000000000000000000000000000000000000000000000000000000000000000000000000000000000000000000000000000000000000000000000000000000000000000000000000000000000000000000000000000000000000000000000000000000000000000000000000000000000000000000000000000000000000000000000000000000000000000000000000000000000000000000000000000000000000000000000000000000000000000000000000000000000000000000000000000000000000000000000B454CB6EC23010BC57EA3F44BE5689A187AAAA081CFA38B648A51F60EC0D58F54BF6F2FAFB6E0244550B412AE5122959EFCCECECC483D1DA9A6C093169EF4AD62F7A2C0327BDD26E56B28FC94B7ECFB284C22961BC83926D20B1D1F0FA6A30D904481975BB54B2396278E03CC93958910A1FC051A5F2D10AA4D738E341C84F31037EDBEBDD71E91D82C31C6B0C361C3C41251606B3E7357DDE2A896012CB1EB7076BAE9289108C960249295F3AF58325DF3114D4D99C49731DD20DC960FC20435D394EB0EB7B236BA256908D45C4576149065FF9A8B8F272616986A21BE6804E5F555A42DB5FA385E825A4449E5B53B4152BB4DBEB3FAA23E1C640FA7F155BDC2E7AD2398E3E244E7B399B1FEACD2B5039591120A2867675C7470744B2EC12C3EF90BBC66F52809477E0CDB37FB6070DCC49CA8A7E8989981A389BEF57F25AE8932256307DBF98FBDFC0BB84B4F9933EFEC18CFD7551771F481D6FEEB7E117000000FFFF0300504B0304140006000800000021001E911AB7F30000004E0200000B0008025F72656C732F2E72656C7320A2040228A0000200000000000000000000000000000000000000000000000000000000000000000000000000000000000000000000000000000000000000000000000000000000000000000000000000000000000000000000000000000000000000000000000000000000000000000000000000000000000000000000000000000000000000000000000000000000000000000000000000000000000000000000000000000000000000000000000000000000000000000000000000000000000000000000000000000000000000000000000000000000000000000000000000000000000000000000000000000000000000000000000000000000000000000000000000000000000000000000000000000000000000000000000000000000000000000000000000000000000000000000000000000000000000000000000000000000000000000000000000000000000000000000000000000000000000000000000000000000000000000000000000000000000000000000000000000000000000000000000000000000000000000000000000000000000000000000000000000000000000000000000000000000000000000000000000000000000000000000000000000000000000000000000000000000000000000000000000000000000000000000000000000000000000000000000000000000000000000000000000000000000000008C92DB4A03410C86EF05DF61C87D37DB0A22D2D9DE48A17722EB038499EC01770ECCA4DABEBDA320BA50DB5EE6F4E7CB4FD69B839BD43BA73C06AF6159D5A0D89B6047DF6B786DB78B075059C85B9A82670D47CEB0696E6FD62F3C9194A13C8C31ABA2E2B38641243E226633B0A35C85C8BE54BA901C4909538F91CC1BF58CABBABEC7F457039A99A6DA590D6967EF40B5C758365FD60E5D371A7E0A66EFD8CB8915C807616FD92E622A6C49C6728D6A29F52C1A6C30CF259D9162AC0A36E069A2D5F544FF5F8B8E852C09A10989CFF37C759C035A5E0F74D9A279C7AF3B1F21592C167D7BFB4383B32F683E010000FFFF0300504B030414000600080000002100D664B351FA000000310300001C000801776F72642F5F72656C732F646F63756D656E742E786D6C2E72656C7320A2040128A0000100000000000000000000000000000000000000000000000000000000000000000000000000000000000000000000000000000000000000000000000000000000000000000000000000000000000000000000000000000000000000000000000000000000000000000000000000000000000000000000000000000000000000000000000000000000000000000000000000000000000000000000000000000000000000000000000000000000000000000000000000000000000000000000000000000000000000000000000000000000000000000000000000000000000000000000000000000000000000000000000000000000000000000000000000000000AC92CD6AC3301084EF85BE83D87B2D3BFDA184C8B99440AEADFB008ABDFEA1B224B49BB67EFB0A43528706F7E28B604668E693B49BED776FC42706EA9C5590252908B4A5AB3ADB28782F7677CF2088B5ADB47116150C48B0CD6F6F36AF6834C743D4769E444CB1A4A065F66B29A96CB1D794388F36EED42EF49AA30C8DF4BAFCD00DCA559A3EC930CD80FC2253EC2B05615FDD8328061F9BFFCF7675DD95F8E2CA638F96AF54C82F3CBC2173BC1CC5581D1A6405133389B420AF83AC9604A13F1427670E215B148107133FF3FC0C34EAB9FAC725EB398E08FEB68F528E6B36C7F0B02443ED2C17FA60261C67EB04212F063DFF010000FFFF0300504B03041400060008000000210035D4BF7FD50100000604000011000000776F72642F646F63756D656E742E786D6C9C53DB8ADB30107D2FF41F8CDF135F9A6C8289B394262E140A4BB7FD0045966D514B2324D96EFAF51DC956BA6D61097D9134339A73E67A78FC21FA6864DA7090659CADD338629242CD655BC6DFBE56AB7D1C194B644D7A90AC8CAFCCC48FC7B76F0E5351031D0493364208698A11AD9DB5AA4812433B2688598362128D0D68412C8ABA4D04D1DF07B5A22014B1FCC27B6EAF499EA60FF10203653C68592C102BC1A906038D752E05340DA76CB98287BE8777F63C2D217BC644B31E6300693AAE4C4013FF8B86297601647C2D8951F4E1DFA4EE61AB3599B01FA29FC39E40D74A0365C6A0F6341B6F8859FA1AF752400771F3B827843F3943248270798371D3F157FF6FCD5B63F392993B7150BF13C15A1C71962E505FDDADA2A9C059ACBF94719A7EA876DB731507D5893564E8ADB39CF36C57A5DE533B377BFC44461245044BD24A3F94D921717A77E2173C95FB6818B54F3A20FE4BF28C76A7DD9FB79BF7952750EDF34F7498703BF27C83FB31151DBEB77B7C273EE6F633719016B09BD966FEA279DB2152102F602DE06805B967CD0B6BC748CD708C77B9876F00EC0BB11DAC17173A0ABD4136A308C58A3B171F056EE347CD6BB4F45CB2276E2946F9EEC15B31FB39715F88B9D6A80B0B7CFC050000FFFF0300504B03041400060008000000210096B5ADE296060000501B000015000000776F72642F7468656D652F7468656D65312E786D6CEC594F6FDB3614BF0FD87720746F6327761A07758AD8B19B2D4D1BC46E871E698996D850A240D2497D1BDAE38001C3BA618715D86D87615B8116D8A5FB34D93A6C1DD0AFB0475292C5585E9236D88AAD3E2412F9E3FBFF1E1FA9ABD7EEC70C1D1221294FDA5EFD72CD4324F1794093B0EDDD1EF62FAD79482A9C0498F184B4BD2991DEB58DF7DFBB8AD755446282607D22D771DB8B944AD79796A40FC3585EE62949606ECC458C15BC8A702910F808E8C66C69B9565B5D8A314D3C94E018C8DE1A8FA94FD05093F43672E23D06AF89927AC06762A049136785C10607758D9053D965021D62D6F6804FC08F86E4BEF210C352C144DBAB999FB7B4717509AF678B985AB0B6B4AE6F7ED9BA6C4170B06C788A705430ADF71BAD2B5B057D03606A1ED7EBF5BABD7A41CF00B0EF83A6569632CD467FADDEC9699640F6719E76B7D6AC355C7C89FECA9CCCAD4EA7D36C65B258A206641F1B73F8B5DA6A6373D9C11B90C537E7F08DCE66B7BBEAE00DC8E257E7F0FD2BADD5868B37A088D1E4600EAD1DDAEF67D40BC898B3ED4AF81AC0D76A197C86826828A24BB318F3442D8AB518DFE3A20F000D6458D104A9694AC6D88728EEE2782428D60CF03AC1A5193BE4CBB921CD0B495FD054B5BD0F530C1931A3F7EAF9F7AF9E3F45C70F9E1D3FF8E9F8E1C3E3073F5A42CEAA6D9C84E5552FBFFDECCFC71FA33F9E7EF3F2D117D57859C6FFFAC327BFFCFC793510D26726CE8B2F9FFCF6ECC98BAF3EFDFDBB4715F04D814765F890C644A29BE408EDF3181433567125272371BE15C308D3F28ACD249438C19A4B05FD9E8A1CF4CD296699771C393AC4B5E01D01E5A30A787D72CF1178108989A2159C77A2D801EE72CE3A5C545A6147F32A99793849C26AE66252C6ED637C58C5BB8B13C7BFBD490A75330F4B47F16E441C31F7184E140E494214D273FC80900AEDEE52EAD87597FA824B3E56E82E451D4C2B4D32A423279A668BB6690C7E9956E90CFE766CB37B077538ABD27A8B1CBA48C80ACC2A841F12E698F13A9E281C57911CE298950D7E03ABA84AC8C154F8655C4F2AF074481847BD804859B5E696007D4B4EDFC150B12ADDBECBA6B18B148A1E54D1BC81392F23B7F84137C2715A851DD0242A633F900710A218ED715505DFE56E86E877F0034E16BAFB0E258EBB4FAF06B769E888340B103D3311DA9750AA9D0A1CD3E4EFCA31A3508F6D0C5C5C398602F8E2EBC71591F5B616E24DD893AA3261FB44F95D843B5974BB5C04F4EDAFB95B7892EC1108F3F98DE75DC97D5772BDFF7CC95D94CF672DB4B3DA0A6557F70DB629362D72BCB0431E53C6066ACAC80D699A6409FB44D08741BDCE9C0E4971624A2378CCEABA830B05366B90E0EA23AAA241845368B0EB9E2612CA8C742851CA251CECCC70256D8D87265DD96361531F186C3D9058EDF2C00EAFE8E1FC5C509031BB4D680E9F39A3154DE0ACCC56AE644441EDD76156D7429D995BDD88664A9DC3AD50197C38AF1A0C16D684060441DB02565E85F3B9660D0713CC48A0ED6EF7DEDC2DC60B17E92219E180643ED27ACFFBA86E9C94C78AB90980D8A9F0913EE49D62B512B79626FB06DCCEE2A432BBC60276B9F7DEC44B7904CFBCA4F3F6443AB2A49C9C2C41476DAFD55C6E7AC8C769DB1BC399161EE314BC2E75CF8759081743BE1236EC4F4D6693E5336FB672C5DC24A8C33585B5FB9CC24E1D4885545B58463634CC5416022CD19CACFCCB4D30EB45296023FD35A458598360F8D7A4003BBAAE25E331F155D9D9A5116D3BFB9A95523E51440CA2E0088DD844EC6370BF0E55D027A012AE264C45D02F708FA6AD6DA6DCE29C255DF9F6CAE0EC38666984B372AB5334CF640B37795CC860DE4AE2816E95B21BE5CEAF8A49F90B52A51CC6FF3355F47E0237052B81F6800FD7B802239DAF6D8F0B1571A8426944FDBE80C6C1D40E8816B88B8569082AB84C36FF0539D4FF6DCE591A26ADE1C0A7F669880485FD484582903D284B26FA4E2156CFF62E4B9265844C4495C495A9157B440E091BEA1AB8AAF7760F4510EAA69A6465C0E04EC69FFB9E65D028D44D4E39DF9C1A52ECBD3607FEE9CEC7263328E5D661D3D0E4F62F44ACD855ED7AB33CDF7BCB8AE889599BD5C8B3029895B6825696F6AF29C239B75A5BB1E6345E6EE6C28117E73586C1A2214AE1BE07E93FB0FF51E133FB65426FA843BE0FB515C187064D0CC206A2FA926D3C902E907670048D931DB4C1A44959D366AD93B65ABE595F70A75BF03D616C2DD959FC7D4E6317CD99CBCEC9C58B34766661C7D6766CA1A9C1B327531486C6F941C638C67CD22A7F75E2A37BE0E82DB8DF9F30254D30C1372581A1F51C983C80E4B71CCDD28DBF000000FFFF0300504B030414000600080000002100DCAD59ADBE0200003006000011000000776F72642F73657474696E67732E786D6C9C54ED6E9B3014FD3F69EF80F8BD04423E9AA1D26A6B9B7DA8DDA6D13E80012758B57D2DDB84644FBF6BC0A5D1AAAADA2FEC73EE3DBE9F9C5F1E040FF6541B06320B67D3380CA82CA1627297850FF79BC93A0C8C25B2221C24CDC22335E1E5C5FB77E76D6AA8B5686602949026852C6CB44C4D595341CC44B0528381AD9D942052D86E5949874F3878E82CACAD5569140D4E535054A2DA16B420D64C41EFA2DEF31ACA465069A3248E5791A69C580CD8D44C19AF26FE570D9FAABDC8FEB524F6827BBB7616BF6639A4DB82AE9E3CDE129E73501A4A6A0C5656F03E5D4198F43286BF45A7AFE72D2B34D1C7672217D8B63F0022685345758905C59E2FD661E4888A6E49C3ED3D29720B0A4DF6041F3B4BE29E2E6BA24969A9CE152931BA2B905603F77615FC007B0542690C7EF0C01BB19D36CE5765DC23EEF01BC07AB738BE4966679BE10DC78ECC6CBD98AF3EF65AA74C721D9FCD572F31EB9BE5E2D3E625667C27EAC3C07844EA9AFF4BFBD306730A449FF81511856624B873E3814988B4D08F9F99F47C41714CE973266F0A4F4E263D6104E17C8375F3044E46CF54CCA86BBAED84F91DD1BB51B92B8648F58B2876E9FB939AEB20D55F3434AA576D3551DF6485B07F70B6580C7A4CDA5B263C6E9A22F75E12A7E419D5C8EAE75E3BC1682C509B5A5C6CEA2A744BE4CE7789CAC943EE4CDBB4E43A77CB4FEF885238206852EC6659C8D9AEB6B310AF166F15D18FDDA5D8250397741CDE1CD75D48E93243EBE1E00CFA235A0D87119B7B6C3E620B8F2D466CE9B1E588AD3CB672587DC4B5E04C3EE292F9A3C3B7C039B4B4FAEAC12CFC07EA8B606AA228F6D56D120E18A41D30AC9609F6293DE0CED18A59FCAF2A560972C8C2245E763D1AAC393942634F6C9D923356276850114B7083BB569D3863EBF0077D1A8BDBF092E140E647518C8B3BED03E7CCD89C2ADC710B1A53EE96FF43A73CFEEA2FFE020000FFFF0300504B030414000600080000002100F5813D7F870100000704000012000000776F72642F666F6E745461626C652E786D6CA4924D6E83301085F7957A07E47D83213F4D504814D166D945D51E60424CB0846DE4714273FB0E98D04554296941B2C49BF163FCF92DD75FAA0A4EC2A2343A65D188B340E8DCECA53EA4ECF363FB3467013AD07BA88C16293B0B64EBD5E3C3B2490AA31D06B45F636253563A57276188792914E0C8D44253AD305681A34F7B084D51C85CBC98FCA8847661CCF92CB4A20247FFC652D6C87AB7E616B7C6D87D6D4D2E10695855793F0552B3553F5DD0241A144D9D4125775676851AB4411151ED0455CA78CCB77C4A6BFB4EF8B85D59D83AE42558146E68E45E2E40C9EA7C51B19188BE504B979717FD0456C2AE12BE84F2408523EE78CA5E23CE79BCDD32AF44299B90B0C90625A6A1FCB3E87BC68342D74383753E5D4BB4E87C48219F7E573767E8EFE78AC48754028337D104EF468147754D24E6332231251E2D99F15D446CE7DB11BC95080D1E6F86F3D34932529EE793A83FFF5D44BCCFED443250140DF8251B2D014FA225725F36FE46E23A1B7C32B0F921D1258112F59F6CF421C1D537000000FFFF0300504B0304140006000800000021004AD88A92BB0000000401000014000000776F72642F77656253657474696E67732E786D6C8CCEC16AC3300CC6F17B61EF10745F9DF5304A485228A32FD0F5015C47690CB164246DDEF6F4356C97DD7A149FF8F1EF0F5F696D3E5134320DF0B26DA1410A3C45BA0D70793F3DEFA151F334F9950907F84685C3F8B4E94B57F07A46B3FAA94D55483B196031CB9D731A164C5EB79C91EA36B3246FF5949BE3798E01DF387C242473BBB67D7582ABB75AA04BCC0A7F5A79442B2C53160EA85A43D2FAEB251F09C6DAC8D9628A3F7862390A17457163EFFEB58F77000000FFFF0300504B030414000600080000002100865ED1D670010000C202000010000801646F6350726F70732F6170702E786D6C20A2040128A00001000000000000000000000000000000000000000000000000000000000000000000000000000000000000000000000000000000000000000000000000000000000000000000000000000000000000000000000000000000000000000000000000000000000000000000000000000000000000000000000000000000000000000000000000000000000000000000000000000000000000000000000000000000000000000000000000000000000000000000000000000000000000000000000000000000000000000000000000000000000000000000000000000000000000000000000000000000000000000000000000000000000000000000000000000000009C52CB4EC33010BC23F10F51EED4490F50A18D112A421C78546A68CF96B3492C1CDBB24DD5FE3D9B8684206EF8B4336B8F67C786BB63A79303FAA0AC29D27C91A5091A692B659A227D2F1FAF566912A23095D0D660919E30A477FCF20236DE3AF451614848C284226D6374B78C05D96227C282DA863AB5F59D88047DC36C5D2B890F567E7668225B66D935C36344536175E526C17450BC3DC4FF8A5656F6FEC2AE3C3932CCA1C4CE691191BFF67634B08980D246A14BD521CF899E006C4483A1E78602F6D657812F810D05AC5BE1858C141DCF6F80CD20DC3BA795149132E52F4A7A1B6C1D93B7F3F4497F1CD87C0B50225B949F5EC513CF80CD213C2B33D8180AB2E545E3856BBFBD4D08B652685CD3D8BC163A20B01F02D6B673C29C38F91C2BD2FB08EFAEB40F7D2EDF477E93B319F72AB65B2764EF65359F76D6802D458215D91FE57E0878A297F0BABF9392320D56E39EBF8D3EBFDDF02579BE5C64B4CE818D1C3DC9F457F817000000FFFF0300504B030414000600080000002100958849C3470100007502000011000801646F6350726F70732F636F72652E786D6C20A2040128A00001000000000000000000000000000000000000000000000000000000000000000000000000000000000000000000000000000000000000000000000000000000000000000000000000000000000000000000000000000000000000000000000000000000000000000000000000000000000000000000000000000000000000000000000000000000000000000000000000000000000000000000000000000000000000000000000000000000000000000000000000000000000000000000000000000000000000000000000000000000000000000000000000000000000000000000000000000000000000000000000000000000000000000000000000000000008C92C16AC3300C86EF83BD43F03DB1D394324292C2367A5A61B08E8DDE8CADB666B1636CB769DF7E76926629DB614749BF3EFD925D2CCFB28E4E60AC685489D284A008146BB850FB12BD6F56F1038AACA38AD3BA5150A20B58B4ACEEEF0AA673D61878358D06E304D8C89394CD992ED1C1399D636CD90124B58957285FDC354652E743B3C79AB22FBA073C2364812538CAA9A33800633D12D180E46C44EAA3A93B0067186A90A09CC56992E21FAD0323ED9F0D5D65A294C25DB4DF69B03B6573D61747F5D98A51D8B66DD2669D0DEF3FC59FEB97B76ED558A8702B06A82A38CB9901EA1A531D2D98024F12E17835B56EEDEFBC13C01F2F83E6773E480D9C44789F2A2DF034F433BA95FA41C0236F32EF57BA563EB2A7E7CD0A5533922E6292C564BE21599E653921DB60E9A63F98EE137230F67FE2FC967805549DE3DB8F527D030000FFFF0300504B030414000600080000002100094AFF7015070000F83900000F000000776F72642F7374796C65732E786D6CB49BDF73D33810C7DF6FE6FE078FDF216D020974084C29F4E84CE10A69E79E155BA9353856CE52687B7FFD492B5B75EDD8DEADCD13F50FED67A55D7DD72DDA771FEEB769F08BE74AC86C191EBF3C0A039E453216D9ED32BCB93E7FF1260C946659CC5299F165F8C055F8E1FD9F7FBCBB3B51FA21E52A30063275922FC344EBDDC964A2A2846F997A29773C33CF3632DF326D2EF3DB89DC6C44C43FC968BFE5999E4C8F8EE6939CA74C1BB84AC44E8585B53B8CB53B99C7BB5C465C29E3ED3675F6B64C64E17BE35E2CA34F7CC3F6A956F632BFCA8BCBE20AFE39979956C1DD09539110D7C67133C5ADC864FEE5345322344F3853FA540976F06162DF3AF82452BA62EDA3884538B144F59FB1F98BA5CB703A2DEF9C590F9EDC4B59765BDEE3D98B9B55D59365E86FAD8DDD65C8F217AB536B6C02D32CFFAD4C77F764F2E60A5CD9B1C82C9CE1B08DE62680261E96930A1BE8E9625E5EFCD8A7E606DB6B5940C0808155CD9ACBDA8A9BB89A28AF5C9698A77C7329A39F3C5E69F3601902CBDCBCB9B8CA85CC857E58866FDF5AA6B9B9E25BF145C431B74959DCBBC91211F37F129EDD281E3FDEFF7E0E2956588CE43ED3C6FDF902B22055F1E7FB88EF6C8A19D319B311FE6607A4D6ACAA70C0A1BD78F4C6DDA851E1E6BF25F2D8C5F02025E1CC6EA300FCEF04C1ACF78341533BA3EA04C02EC9D7D97013AF869B783DDC0424EFB0B5580CF7C288E7D088B8DCA864253EA85A462EF9AAEB307BDB91B27644238B7A473492A6774423477A473452A2774423037A473402DE3BA211DFDE118D70768E881808573D8B66B01AA88D7D2D74CAEDF84E013A1E287545A909AE58CE6E73B64B025B58EB6E7789E56ABFD63857414E9F2F962B9DCBECB677454C75B65BF7D99AFC79BB4B9812E68BA667E9A70397FE9AAD531EFC958BB817F5DA255F634EF06172B0845DA52CE2894C639E07D7FCDE459430FE9B0C56EE2BA3D7B98161BD14B7890E560994DC5ED8BC65D1DB57C2D9BF140AD6A07333CD5BA6D2671C15C3794B5EB61BFFCA63B1DF964B83F81A993B3D2784B9860017BB97E8950D517377F5CEC206003305572EE85300FB08FF5D71A1DBB731C6F8EF4AD133ED23FC7785EB99F6213FBAE34B569A4F2CFF19A0B6D782BC77CF642AF3CD3E2DF740AF3C2CC83BD8237053206F626F1F25120BF20E7E229FC1691499DFDC30794A8EC5A38E1228E470380A6C36FC5CC841A9C9DE316146E400D55853026B98D6124064D1FDC17F09FB87276A310095F6DF9ABDDB79D6B202A604A1BEA1BFEFA5EEFF869EB6681E967291993F97281EE068B3969D87A515F9E4EA1D21C6C30A1F0134AC021240C34A2101D4921FEDDF3CBE26E221C38B23814596655FC520EDD0CABC202BB307D14AC0487513F1FDD5B27BDB73A15937111472809A7513412147A756CB7CDD44B046AB9B08564BD5688F515553299322D7CD2AC87F092066348E782340E3883702348E782340C3C5BB1F329E782358646DF09A5A156F04085EA1FCAAEF4155F14680C8DAE0D4AEF89B5159F7C04AF72FB723883782420E5053BC11147274DAC41BC182572899506379A943B0C6116F04681CF14680C6116F04681CF14680C6116F0468B878F743C6136F048BAC0D5E53ABE28D0091E5C183AAE28D00C12B146D3828DEB0EB7FBB782328E40035C51B412147A726A8FE2315C12207A8C6F2E28D60C12B9464285890DC94498D23DE88198D23DE08D038E28D008D23DE08D070F1EE878C27DE0816591BBCA656C51B0122CB830755C51B01226BC341F186CDF8DBC51B412107A829DE080A393A3541F53A87609103546379F146B0205F068B370204AF3C174499D138E28D98D138E28D008D23DE08D070F1EE878C27DE0816591BBCA656C51B0122CB830755C51B01226BC341F1863DF2DBC51B412107A829DE080A393A3541F5E28D609103546379A943B0C6116F04081273B0782340F0CA3340B08B28611A47BC11331A47BC11A0E1E2DD0F194FBC112CB236784DAD8A37024496070FAA8A370244D6067BCED69C17451F4F3D6E4902EC3983F254031A386D091216584CF007DFF0DC7432F1FED3210381E50C09C496F4C04EF1A3943F03DCC1EE594B82A051629D0A0947BA1FE0944EA51161B6E8E824B8FEFB2CF8E21A601AE320A59E9EBC31DD43D57621684FB28D43C64FFDB0332D3BBBF264B9B5661A846C5F57D102047D6817A621A868EBB1836D9F8F79119AAA8ADBF0FFB605157E363D6F71F9CED1D19BCFAF5F9D9E170D4E60B2E94494182F22D32BD5E1447114DE9F4E8283F075975ACECB835B8FCD1AA573C5B9F9C7AF2BF7DE93D39BE69659C316BFB53D23DEE1339C21EF5CBD005E71F16E3A68DAB6C0A53E0FFD792B785BAF53D788667EB8C86C284CDB1FFCDF9A0B797CCF9C59F3FC8CA7E957066D6B5AEEDA5F4DF946BBA7C74750276BA6D6526BB96D1F9FC33172F0E49001B3C45567DCA59D44FBDA67FBED9AE7A60FAC63FDBF495B5FA05FED69E2BA13B12EDC7EE719EF21AFB1ABFEE85BF9937AFF3F000000FFFF0300504B01022D0014000600080000002100DDFC953766010000200500001300000000000000000000000000000000005B436F6E74656E745F54797065735D2E786D6C504B01022D00140006000800000021001E911AB7F30000004E0200000B000000000000000000000000009F0300005F72656C732F2E72656C73504B01022D0014000600080000002100D664B351FA000000310300001C00000000000000000000000000C3060000776F72642F5F72656C732F646F63756D656E742E786D6C2E72656C73504B01022D001400060008000000210035D4BF7FD5010000060400001100000000000000000000000000FF080000776F72642F646F63756D656E742E786D6C504B01022D001400060008000000210096B5ADE296060000501B00001500000000000000000000000000030B0000776F72642F7468656D652F7468656D65312E786D6C504B01022D0014000600080000002100DCAD59ADBE020000300600001100000000000000000000000000CC110000776F72642F73657474696E67732E786D6C504B01022D0014000600080000002100F5813D7F87010000070400001200000000000000000000000000B9140000776F72642F666F6E745461626C652E786D6C504B01022D00140006000800000021004AD88A92BB00000004010000140000000000000000000000000070160000776F72642F77656253657474696E67732E786D6C504B01022D0014000600080000002100865ED1D670010000C202000010000000000000000000000000005D170000646F6350726F70732F6170702E786D6C504B01022D0014000600080000002100958849C347010000750200001100000000000000000000000000031A0000646F6350726F70732F636F72652E786D6C504B01022D0014000600080000002100094AFF7015070000F83900000F00000000000000000000000000811C0000776F72642F7374796C65732E786D6C504B0506000000000B000B00C1020000C32300000000,'Fri Mar 04 10:21:36 IST 2016','10-march-2016');
/*!40000 ALTER TABLE `assignment` ENABLE KEYS */;


--
-- Definition of table `assignmentsresponse`
--

DROP TABLE IF EXISTS `assignmentsresponse`;
CREATE TABLE `assignmentsresponse` (
  `StudentId` varchar(45) NOT NULL,
  `StudentName` varchar(45) NOT NULL,
  `SubjectName` varchar(45) NOT NULL,
  `Response` longblob NOT NULL,
  `SubmissionOn` varchar(45) NOT NULL,
  `FileName` varchar(45) NOT NULL,
  `Marks` varchar(45) NOT NULL default 'Not Checked Till Now'
) ENGINE=InnoDB DEFAULT CHARSET=latin1;

--
-- Dumping data for table `assignmentsresponse`
--

/*!40000 ALTER TABLE `assignmentsresponse` DISABLE KEYS */;
INSERT INTO `assignmentsresponse` (`StudentId`,`StudentName`,`SubjectName`,`Response`,`SubmissionOn`,`FileName`,`Marks`) VALUES 
 ('S20161001','sandeep','Java',0x504B030414000600080000002100DDFC95376601000020050000130008025B436F6E74656E745F54797065735D2E786D6C20A2040228A000020000000000000000000000000000000000000000000000000000000000000000000000000000000000000000000000000000000000000000000000000000000000000000000000000000000000000000000000000000000000000000000000000000000000000000000000000000000000000000000000000000000000000000000000000000000000000000000000000000000000000000000000000000000000000000000000000000000000000000000000000000000000000000000000000000000000000000000000000000000000000000000000000000000000000000000000000000000000000000000000000000000000000000000000000000000000000000000000000000000000000000000000000000000000000000000000000000000000000000000000000000000000000000000000000000000000000000000000000000000000000000000000000000000000000000000000000000000000000000000000000000000000000000000000000000000000000000000000000000000000000000000000000000000000000000000000000000000000000000000000000000000000000000000000000000000000000000000000000000000000000000000000000000000000000000000000000000000000000000000000000000000000000000000000000000000000000000000000000000000000000000B454CB6EC23010BC57EA3F44BE5689A187AAAA081CFA38B648A51F60EC0D58F54BF6F2FAFB6E0244550B412AE5122959EFCCECECC483D1DA9A6C093169EF4AD62F7A2C0327BDD26E56B28FC94B7ECFB284C22961BC83926D20B1D1F0FA6A30D904481975BB54B2396278E03CC93958910A1FC051A5F2D10AA4D738E341C84F31037EDBEBDD71E91D82C31C6B0C361C3C41251606B3E7357DDE2A896012CB1EB7076BAE9289108C960249295F3AF58325DF3114D4D99C49731DD20DC960FC20435D394EB0EB7B236BA256908D45C4576149065FF9A8B8F272616986A21BE6804E5F555A42DB5FA385E825A4449E5B53B4152BB4DBEB3FAA23E1C640FA7F155BDC2E7AD2398E3E244E7B399B1FEACD2B5039591120A2867675C7470744B2EC12C3EF90BBC66F52809477E0CDB37FB6070DCC49CA8A7E8989981A389BEF57F25AE8932256307DBF98FBDFC0BB84B4F9933EFEC18CFD7551771F481D6FEEB7E117000000FFFF0300504B0304140006000800000021001E911AB7F30000004E0200000B0008025F72656C732F2E72656C7320A2040228A0000200000000000000000000000000000000000000000000000000000000000000000000000000000000000000000000000000000000000000000000000000000000000000000000000000000000000000000000000000000000000000000000000000000000000000000000000000000000000000000000000000000000000000000000000000000000000000000000000000000000000000000000000000000000000000000000000000000000000000000000000000000000000000000000000000000000000000000000000000000000000000000000000000000000000000000000000000000000000000000000000000000000000000000000000000000000000000000000000000000000000000000000000000000000000000000000000000000000000000000000000000000000000000000000000000000000000000000000000000000000000000000000000000000000000000000000000000000000000000000000000000000000000000000000000000000000000000000000000000000000000000000000000000000000000000000000000000000000000000000000000000000000000000000000000000000000000000000000000000000000000000000000000000000000000000000000000000000000000000000000000000000000000000000000000000000000000000000000000000000000000000008C92DB4A03410C86EF05DF61C87D37DB0A22D2D9DE48A17722EB038499EC01770ECCA4DABEBDA320BA50DB5EE6F4E7CB4FD69B839BD43BA73C06AF6159D5A0D89B6047DF6B786DB78B075059C85B9A82670D47CEB0696E6FD62F3C9194A13C8C31ABA2E2B38641243E226633B0A35C85C8BE54BA901C4909538F91CC1BF58CABBABEC7F457039A99A6DA590D6967EF40B5C758365FD60E5D371A7E0A66EFD8CB8915C807616FD92E622A6C49C6728D6A29F52C1A6C30CF259D9162AC0A36E069A2D5F544FF5F8B8E852C09A10989CFF37C759C035A5E0F74D9A279C7AF3B1F21592C167D7BFB4383B32F683E010000FFFF0300504B030414000600080000002100D664B351FA000000310300001C000801776F72642F5F72656C732F646F63756D656E742E786D6C2E72656C7320A2040128A0000100000000000000000000000000000000000000000000000000000000000000000000000000000000000000000000000000000000000000000000000000000000000000000000000000000000000000000000000000000000000000000000000000000000000000000000000000000000000000000000000000000000000000000000000000000000000000000000000000000000000000000000000000000000000000000000000000000000000000000000000000000000000000000000000000000000000000000000000000000000000000000000000000000000000000000000000000000000000000000000000000000000000000000000000000000000AC92CD6AC3301084EF85BE83D87B2D3BFDA184C8B99440AEADFB008ABDFEA1B224B49BB67EFB0A43528706F7E28B604668E693B49BED776FC42706EA9C5590252908B4A5AB3ADB28782F7677CF2088B5ADB47116150C48B0CD6F6F36AF6834C743D4769E444CB1A4A065F66B29A96CB1D794388F36EED42EF49AA30C8DF4BAFCD00DCA559A3EC930CD80FC2253EC2B05615FDD8328061F9BFFCF7675DD95F8E2CA638F96AF54C82F3CBC2173BC1CC5581D1A6405133389B420AF83AC9604A13F1427670E215B148107133FF3FC0C34EAB9FAC725EB398E08FEB68F528E6B36C7F0B02443ED2C17FA60261C67EB04212F063DFF010000FFFF0300504B03041400060008000000210054D95225E80100005F04000011000000776F72642F646F63756D656E742E786D6C9C54CD6EDB300CBE0FD83B18BA27B6D3A6C98C38C550373B6D28D6F5011459B68549A22029F1B2A71F25DB59D60D45B08B6492E2C78F7FDEDCFF50323972EB04E892E4F38C245C33A8856E4BF2F26D375B93C479AA6B2A41F3929CB823F7DBF7EF367D51033B28AE7D8210DA1547B476DE9B224D1DEBB8A26E0E866B34366015F528DA3655D47E3F98190365A8177B21853FA58B2CBB23230C94E460753142CC9460161C343EB814D03482F1F19A3CEC357107CF6AA41C23A6964BE400DA75C2B8094DFD2F1AA6D84D20C7B792382A39BDEBCD35D16A4B7BEC879203ED1E6C6D2C30EE1C6AABC17846CCB3B7628F050C10678F6B28FC197362A2A8D06798301DAFFA7F6EDE1C9B970EB1D300F53B11ACC51667690FF529DC26E90B9CC5FA6B49B2EC61B75A3EEEC8A4AA78430FD207CB72BDCAAB3C7ADAE0E6B71FB118AD8EE328EA24F9B04983369CF8004FF317FA887115FA17AA7892385C03CECD3FA11D67FEC94E60171C47D533DA83F6B1BA593F6491B9699F7FA2B5C7B55B2C6E71F1FAA2C3EFE51ABFD348B7FD4C03A4071C93FC76786245DB21D224EEC17BC0999D64C99B0B6BC769CD713F568B08DF00F80BB13DF8288EE1184887D19CA10C5B195C220B5CF34F166BDA175268FE243C43963777D18A851D128F351E9A88BAE9CFB0FD050000FFFF0300504B03041400060008000000210096B5ADE296060000501B000015000000776F72642F7468656D652F7468656D65312E786D6CEC594F6FDB3614BF0FD87720746F6327761A07758AD8B19B2D4D1BC46E871E698996D850A240D2497D1BDAE38001C3BA618715D86D87615B8116D8A5FB34D93A6C1DD0AFB0475292C5585E9236D88AAD3E2412F9E3FBFF1E1FA9ABD7EEC70C1D1221294FDA5EFD72CD4324F1794093B0EDDD1EF62FAD79482A9C0498F184B4BD2991DEB58DF7DFBB8AD755446282607D22D771DB8B944AD79796A40FC3585EE62949606ECC458C15BC8A702910F808E8C66C69B9565B5D8A314D3C94E018C8DE1A8FA94FD05093F43672E23D06AF89927AC06762A049136785C10607758D9053D965021D62D6F6804FC08F86E4BEF210C352C144DBAB999FB7B4717509AF678B985AB0B6B4AE6F7ED9BA6C4170B06C788A705430ADF71BAD2B5B057D03606A1ED7EBF5BABD7A41CF00B0EF83A6569632CD467FADDEC9699640F6719E76B7D6AC355C7C89FECA9CCCAD4EA7D36C65B258A206641F1B73F8B5DA6A6373D9C11B90C537E7F08DCE66B7BBEAE00DC8E257E7F0FD2BADD5868B37A088D1E4600EAD1DDAEF67D40BC898B3ED4AF81AC0D76A197C86826828A24BB318F3442D8AB518DFE3A20F000D6458D104A9694AC6D88728EEE2782428D60CF03AC1A5193BE4CBB921CD0B495FD054B5BD0F530C1931A3F7EAF9F7AF9E3F45C70F9E1D3FF8E9F8E1C3E3073F5A42CEAA6D9C84E5552FBFFDECCFC71FA33F9E7EF3F2D117D57859C6FFFAC327BFFCFC793510D26726CE8B2F9FFCF6ECC98BAF3EFDFDBB4715F04D814765F890C644A29BE408EDF3181433567125272371BE15C308D3F28ACD249438C19A4B05FD9E8A1CF4CD296699771C393AC4B5E01D01E5A30A787D72CF1178108989A2159C77A2D801EE72CE3A5C545A6147F32A99793849C26AE66252C6ED637C58C5BB8B13C7BFBD490A75330F4B47F16E441C31F7184E140E494214D273FC80900AEDEE52EAD87597FA824B3E56E82E451D4C2B4D32A423279A668BB6690C7E9956E90CFE766CB37B077538ABD27A8B1CBA48C80ACC2A841F12E698F13A9E281C57911CE298950D7E03ABA84AC8C154F8655C4F2AF074481847BD804859B5E696007D4B4EDFC150B12ADDBECBA6B18B148A1E54D1BC81392F23B7F84137C2715A851DD0242A633F900710A218ED715505DFE56E86E877F0034E16BAFB0E258EBB4FAF06B769E888340B103D3311DA9750AA9D0A1CD3E4EFCA31A3508F6D0C5C5C398602F8E2EBC71591F5B616E24DD893AA3261FB44F95D843B5974BB5C04F4EDAFB95B7892EC1108F3F98DE75DC97D5772BDFF7CC95D94CF672DB4B3DA0A6557F70DB629362D72BCB0431E53C6066ACAC80D699A6409FB44D08741BDCE9C0E4971624A2378CCEABA830B05366B90E0EA23AAA241845368B0EB9E2612CA8C742851CA251CECCC70256D8D87265DD96361531F186C3D9058EDF2C00EAFE8E1FC5C509031BB4D680E9F39A3154DE0ACCC56AE644441EDD76156D7429D995BDD88664A9DC3AD50197C38AF1A0C16D684060441DB02565E85F3B9660D0713CC48A0ED6EF7DEDC2DC60B17E92219E180643ED27ACFFBA86E9C94C78AB90980D8A9F0913EE49D62B512B79626FB06DCCEE2A432BBC60276B9F7DEC44B7904CFBCA4F3F6443AB2A49C9C2C41476DAFD55C6E7AC8C769DB1BC399161EE314BC2E75CF8759081743BE1236EC4F4D6693E5336FB672C5DC24A8C33585B5FB9CC24E1D4885545B58463634CC5416022CD19CACFCCB4D30EB45296023FD35A458598360F8D7A4003BBAAE25E331F155D9D9A5116D3BFB9A95523E51440CA2E0088DD844EC6370BF0E55D027A012AE264C45D02F708FA6AD6DA6DCE29C255DF9F6CAE0EC38666984B372AB5334CF640B37795CC860DE4AE2816E95B21BE5CEAF8A49F90B52A51CC6FF3355F47E0237052B81F6800FD7B802239DAF6D8F0B1571A8426944FDBE80C6C1D40E8816B88B8569082AB84C36FF0539D4FF6DCE591A26ADE1C0A7F669880485FD484582903D284B26FA4E2156CFF62E4B9265844C4495C495A9157B440E091BEA1AB8AAF7760F4510EAA69A6465C0E04EC69FFB9E65D028D44D4E39DF9C1A52ECBD3607FEE9CEC7263328E5D661D3D0E4F62F44ACD855ED7AB33CDF7BCB8AE889599BD5C8B3029895B6825696F6AF29C239B75A5BB1E6345E6EE6C28117E73586C1A2214AE1BE07E93FB0FF51E133FB65426FA843BE0FB515C187064D0CC206A2FA926D3C902E907670048D931DB4C1A44959D366AD93B65ABE595F70A75BF03D616C2DD959FC7D4E6317CD99CBCEC9C58B34766661C7D6766CA1A9C1B327531486C6F941C638C67CD22A7F75E2A37BE0E82DB8DF9F30254D30C1372581A1F51C983C80E4B71CCDD28DBF000000FFFF0300504B030414000600080000002100E17466EFBC0200003006000011000000776F72642F73657474696E67732E786D6C9C54DB6E9C30107DAFD47F403C7717D85BB6282452779B5E94B455493EC08077B1627B2CDB2CD97C7DC78043564DA3A84FD8E7CC1CCF95F3CB07C18303D58681CCC2641A87019525544CEEB3F0EEF66AB20E036389AC080749B3F0484D7879F1FEDD799B1A6A2D9A990025A449210B1B2D5353D654103311ACD460606727258814763B56D2E1130E1E3A0B6B6B551A4583D3141495A8B6032D883553D0FBA8F7DC42D9082A6D348BE355A429271603363553C6AB89FF55C3A76A2F72782D8983E0DEAE4DE2D72C87745BD0D593C75BC2730E4A43498DC1CA0ADEA72B08935EC6F0B7E8F4F5BC668526FAF84CE402DBF6082082365554975850ECF9621D468EA8E88E34DCDE9222B7A0D0E440F0B1B359DCD3654D34292DD5B9222546B7016935706F57C10FB01B104A63F08307DE88EDB471BE2AE31E7187DF00D6BBC5F1727D966C93DEC3B12393AC17F3D5C79798D9363E9BAF5E62FEADF6793B5F6FBA5CA23E0C8C47A4AEF9BFB43F5D614E81E813DF10516846821B371E9884480B7DFF8949CF1714C7943E67F2A6F0E464D2134610CEAFB06E9EC0C9E8998A19B5A5BB4E98DF10BD1F95BB2045AA5F44B14BDF9FD45C07A9FEA2A151BD6AAB89FA262B84FD83C96231E83169AF99F0B8698ADC7B499C92675423AB9F07ED04A3B1406D6A71B1A9ABD035917BDF252A2777B9336DD392EBDC2D3FBD214AE180A049B14FB290B37D6D9310AF166F15D1F7DDA5D8CF066ED67178735C7721A5CB0CAD878333E88F68351C466CEEB1F9882D3CB618B1A5C79623B6F2D8CA61F511D78233798F4BE68F0EDF01E7D0D2EAAB07B3F02FA82F82A989A2D857B74938609076C0B05A2638A4F401778E56CCE27F55B14A90872C9CC5CBAE478335274768EC89AD5372C6EA040D2A62096E70D7AA13676C1DFEA04F63711B5E321CC8FC288A7171A77DE09C199B53853B6E4163CADDF27FE894C75FFDC51F000000FFFF0300504B030414000600080000002100F5813D7F870100000704000012000000776F72642F666F6E745461626C652E786D6CA4924D6E83301085F7957A07E47D83213F4D504814D166D945D51E60424CB0846DE4714273FB0E98D04554296941B2C49BF163FCF92DD75FAA0A4EC2A2343A65D188B340E8DCECA53EA4ECF363FB3467013AD07BA88C16293B0B64EBD5E3C3B2490AA31D06B45F636253563A57276188792914E0C8D44253AD305681A34F7B084D51C85CBC98FCA8847661CCF92CB4A20247FFC652D6C87AB7E616B7C6D87D6D4D2E10695855793F0552B3553F5DD0241A144D9D4125775676851AB4411151ED0455CA78CCB77C4A6BFB4EF8B85D59D83AE42558146E68E45E2E40C9EA7C51B19188BE504B979717FD0456C2AE12BE84F2408523EE78CA5E23CE79BCDD32AF44299B90B0C90625A6A1FCB3E87BC68342D74383753E5D4BB4E87C48219F7E573767E8EFE78AC48754028337D104EF468147754D24E6332231251E2D99F15D446CE7DB11BC95080D1E6F86F3D34932529EE793A83FFF5D44BCCFED443250140DF8251B2D014FA225725F36FE46E23A1B7C32B0F921D1258112F59F6CF421C1D537000000FFFF0300504B0304140006000800000021004AD88A92BB0000000401000014000000776F72642F77656253657474696E67732E786D6C8CCEC16AC3300CC6F17B61EF10745F9DF5304A485228A32FD0F5015C47690CB164246DDEF6F4356C97DD7A149FF8F1EF0F5F696D3E5134320DF0B26DA1410A3C45BA0D70793F3DEFA151F334F9950907F84685C3F8B4E94B57F07A46B3FAA94D55483B196031CB9D731A164C5EB79C91EA36B3246FF5949BE3798E01DF387C242473BBB67D7582ABB75AA04BCC0A7F5A79442B2C53160EA85A43D2FAEB251F09C6DAC8D9628A3F7862390A17457163EFFEB58F77000000FFFF0300504B0304140006000800000021005BADA51771010000C202000010000801646F6350726F70732F6170702E786D6C20A2040128A00001000000000000000000000000000000000000000000000000000000000000000000000000000000000000000000000000000000000000000000000000000000000000000000000000000000000000000000000000000000000000000000000000000000000000000000000000000000000000000000000000000000000000000000000000000000000000000000000000000000000000000000000000000000000000000000000000000000000000000000000000000000000000000000000000000000000000000000000000000000000000000000000000000000000000000000000000000000000000000000000000000000000000000000000000000000009C52CB4EC33010BC23F10F51EEADD38200551B23D40A71E0252594B3E56C120BC7B66C83C8DFB321340DE2464E3BB3DEC9ECD870FDD9E9E4037D50D6E4E96A99A5091A692B659A3C7D296F17576912A23095D0D6609EF618D26B7E7A02CFDE3AF451614848C2843C6D63741BC6826CB11361496D439DDAFA4E4482BE61B6AE95C49D95EF1D9AC8D65976C1F033A2A9B05AB849301D15371FF1BFA2959583BFB02F7B47863994D8392D22F2C7C18E06361150DA2874A93AE419D1138067D160E02B606301AFD657819F031B0BD8B6C20B19293ABEBE04368370E39C565244CA943F28E96DB0754C9EBEB74F867160F32340891428DFBD8AFD60620EE15E99D1C658902D2F1A2F5CFBE36D425048A1714B6BF35AE880C08E046C6DE784E939F93C54A4F7165E5C6977432E3F23BFC9D98EAF2AB6851392BC9C91C5E3B6B3061414095664FF207724E08E6EC2EBE19F346B1AAC0E67FE3686FCF6E393E4ABF532A3EF3BB003475732BD15FE050000FFFF0300504B030414000600080000002100EBD3A3CD450100007502000011000801646F6350726F70732F636F72652E786D6C20A2040128A00001000000000000000000000000000000000000000000000000000000000000000000000000000000000000000000000000000000000000000000000000000000000000000000000000000000000000000000000000000000000000000000000000000000000000000000000000000000000000000000000000000000000000000000000000000000000000000000000000000000000000000000000000000000000000000000000000000000000000000000000000000000000000000000000000000000000000000000000000000000000000000000000000000000000000000000000000000000000000000000000000000000000000000000000000000000009C924D4FC3300C86EF48FC872AF736E9CA2654B59904682726213104E21625DE16D1A45192ADDBBF27FD58E904278EB65F3F7EEDA4589E54151DC13A59EB12A5094111685E0BA977257ADBACE27B1439CFB46055ADA144677068496F6F0A6E725E5B78B1B501EB25B82890B4CBB929D1DE7B9363ECF81E14734950E850DCD656311F42BBC386F12FB6033C2364811578269867B805C66624A20129F88834075B7500C13154A0407B87D324C53F5A0F56B93F1BBACA44A9A43F9BB0D36077CA16BC2F8EEA9393A3B0699AA4C93A1BC17F8A3FD6CFAFDDAAB1D4EDAD38205A089E730BCCD7961E1CD8024F12EDF12AE6FC3ADC792B413C9C07CDEF7C2BB57094EDFBD0B4C0D330CCE856EA07818882C9BC5FE95279CF1E9F362B4467245DC4248BC9DD8664F97C9E13F2D95ABAEA6F4DF7093518FB37F102A09DE3EB8F42BF010000FFFF0300504B03041400060008000000210084560E7514070000F83900000F000000776F72642F7374796C65732E786D6CB49BDF53DB3810C7DF6FE6FE078FDFDB84A44D5AA6A143A1BD32437B94C0DCB3622B4453C7CA594A81FBEB4F5AD9C2D8B1BD8BDDA7E21FDACF4ABBFAAEA1DA0F1F1FB649F08B674AC874111EBD1E87014F23198BF46E11DEDE7C79F52E0C946669CC1299F245F8C855F8F1E4CF3F3EDC1F2BFD9870151803A93ACE16E146EBDDF168A4A20DDF32F55AEE786A9EAD65B665DA5C667723B95E8B889FCB68BFE5A91E4DC6E3D928E309D306AE3662A7C2DCDA3DC6DABDCCE25D2623AE94F1769B387B5B26D2F0C4B817CBE89CAFD93ED1CA5E6657597E995FC13F5F64AA55707FCC5424C48D71DC4C712B52997D3D4D9508CD13CE943E55821D7CB8B16F1D7C12295DB2F649C4221C59A2FACFD8FCC5924538991477CEAC07CFEE252CBD2BEEF1F4D5EDB2ECC922F4B756C6EE2264D9ABE5A93536826916FF96A6BB7B36797305AEEC586416CE70D85A731340130FCB49840DF4643E2B2EAEF789B9C1F65AE61030606065B3E6B2B2E226AE26CA4B9725E6295F5FCAE8278F97DA3C5884C032376F2FAE322133A11F17E1FBF796696E2EF9567C1571CC6D52E6F76ED38D88F93F1B9EDE2A1E3FDDFFF105522CB718C97DAA8DFBB3396441A2E2CF0F11DFD91433A6536623FCDD0E48AC5955E280437BF1E48DBB51A1C2CD7F0BE4918BE141CA8633BB8D02F0BF1504B3DEF7064DEC8CCA1300BB245FA7FD4DBCE96FE26D7F1390BCFDD662DEDF0B239E7D23E272A39495F8A06A19B9E42BAFC3F47D4BCADA11B52CEA1C514B9ACE11B51CE91C514B89CE11B50CE81C510B78E7885A7C3B47D4C2D93A2262205CD52C9AC26AA036F68DD009B7E35B05E8A8A7D4E5A526B86219BBCBD86E13D8C25A75BB4D2C97FB95C6B90A72FA72B15CEA4CA6779D2B62AAB3DDBA2FD6E4CFDBDD862961BE683A967ED273E96FD82AE1C15F99883B516F5DF2D5E6041F26074BD855C222BE9149CCB3E0863FB88812C67F97C1D27D65743AD733AC97E26EA383E5064A6E276CD6B0E8CD2BE1EC5F0A056BD0BA99660D53E9328E8AE1AC212F9B8D7FE3B1D86F8BA5417C8DCC9C9E13C25C41808BED4BF4C686A8BEBB3A6761038099822B17F429807D84FFAEB8D0EDDB1863FC77A5E885F611FEBBC2F542FB901FEDF1252BCD39CB7E06A8ED3527EFDD3399C86CBD4F8A3DD0290F73F20EF608DC14C89BD8DB4789C49CBC839FC967701A45E637374C9E9263F1A4A3040A391C8E029B0D3F1772502AB277449811394015D684C0EAA7B504105974AFF92F61FFF0442D06A0D2FE5BB3733B4F1B56C09420D437F48FBDD4DDDFD09306CDC3522E52F3E712C5031C6DDAB0F3B0B43C9F5CBD23C4B85FE12380FA554002A85F2924801AF2A3F99BC7D7443CA47F7124B0C8B2ECAB18A41D5A99E76465F6205A0918A86E22BEBF1A766F732ED4EB2682420E50BD6E2228E4E8546A99AF9B08D6607513C16AA81ACD312A6B2A6552E4BA5906F92F01C48C86116F046818F1468086116F04A8BF78774386136F048BAC0D5E53CBE28D00C12B945FF53DA82CDE0810591B9CDAE57F332AEA1E5869FFE57600F14650C801AA8B3782428E4E93782358F00A25132A2C2F7508D630E28D000D23DE08D030E28D000D23DE08D030E28D00F517EF6EC870E28D6091B5C16B6A59BC1120B23C785059BC11207885A20D07C51B76FD6F176F04851CA0BA782328E4E85404D57FA42258E40055585EBC112C7885920C390B929B32A961C41B31A361C41B011A46BC11A061C41B01EA2FDEDD90E1C41BC1226B83D7D4B27823406479F0A0B2782340646D3828DEB0197FBB782328E400D5C51B412147A722A85EE7102C72802A2C2FDE0816E44B6FF14680E095978228331A46BC11331A46BC11A061C41B01EA2FDEDD90E1C41BC1226B83D7D4B27823406479F0A0B2782340646D3828DEB0477EBB782328E400D5C51B412147A722A85EBC112C72802A2C2F7508D630E28D004162F6166F04085E7901087611254CC388376246C3883702D45FBCBB21C389378245D606AFA965F14680C8F2E04165F14680C8DA60CFD99AF3A2E8E3A9470D49803D67509C6A4003270D41C202F3095EF335CF4C2713EF3E1DD21358CC90406C480FEC143F49F933C01DEC9E3624081A2556899070A4FB114EE9941A11A6F3964E829BBFCF82AFAE01A6360E52EAF9C91BD33D546E1782F624DB3864FCD48F3BD3B2B32B4E965B6BA641C8F675E52D40D08776611A82F2B61E3BD8F6F99817A1A92ABF0DFF6F9B53E167D3F31617EF8CC79FCFA7EFCEC679831398AC3B116D8C1791E9956A71223F0AEF4F27C141F8AA4B0DE7E5C1ADA7668DC2B9FCDCFCD3D7957BEFD9E94D73CBAC6183DFDA9E116FF119CE90B7AE5E00AFB878D71D346D5BE0529787FEBC15BCAD57896B44333F5CA43614A6ED0FFE6FCD853C7E60CEAC797EC693E41B83B6352D77CDAF267CADDDD3A331D4C98AA995D45A6E9BC767708C1C3C3964C02C71D919776927D1BCF6E97EBBE299E9036B59FFEFD2D617E8577B9EB8EE44AC0BB7DF79C67BC86BECAA3FF956FCA44EFE070000FFFF0300504B01022D0014000600080000002100DDFC953766010000200500001300000000000000000000000000000000005B436F6E74656E745F54797065735D2E786D6C504B01022D00140006000800000021001E911AB7F30000004E0200000B000000000000000000000000009F0300005F72656C732F2E72656C73504B01022D0014000600080000002100D664B351FA000000310300001C00000000000000000000000000C3060000776F72642F5F72656C732F646F63756D656E742E786D6C2E72656C73504B01022D001400060008000000210054D95225E80100005F0400001100000000000000000000000000FF080000776F72642F646F63756D656E742E786D6C504B01022D001400060008000000210096B5ADE296060000501B00001500000000000000000000000000160B0000776F72642F7468656D652F7468656D65312E786D6C504B01022D0014000600080000002100E17466EFBC020000300600001100000000000000000000000000DF110000776F72642F73657474696E67732E786D6C504B01022D0014000600080000002100F5813D7F87010000070400001200000000000000000000000000CA140000776F72642F666F6E745461626C652E786D6C504B01022D00140006000800000021004AD88A92BB00000004010000140000000000000000000000000081160000776F72642F77656253657474696E67732E786D6C504B01022D00140006000800000021005BADA51771010000C202000010000000000000000000000000006E170000646F6350726F70732F6170702E786D6C504B01022D0014000600080000002100EBD3A3CD45010000750200001100000000000000000000000000151A0000646F6350726F70732F636F72652E786D6C504B01022D001400060008000000210084560E7514070000F83900000F00000000000000000000000000911C0000776F72642F7374796C65732E786D6C504B0506000000000B000B00C1020000D22300000000,'Fri Mar 04 09:30:46 IST 2016','assignment_id9.docx','10'),
 ('S20161001','sandeep','Java',0x504B030414000600080000002100DDFC95376601000020050000130008025B436F6E74656E745F54797065735D2E786D6C20A2040228A000020000000000000000000000000000000000000000000000000000000000000000000000000000000000000000000000000000000000000000000000000000000000000000000000000000000000000000000000000000000000000000000000000000000000000000000000000000000000000000000000000000000000000000000000000000000000000000000000000000000000000000000000000000000000000000000000000000000000000000000000000000000000000000000000000000000000000000000000000000000000000000000000000000000000000000000000000000000000000000000000000000000000000000000000000000000000000000000000000000000000000000000000000000000000000000000000000000000000000000000000000000000000000000000000000000000000000000000000000000000000000000000000000000000000000000000000000000000000000000000000000000000000000000000000000000000000000000000000000000000000000000000000000000000000000000000000000000000000000000000000000000000000000000000000000000000000000000000000000000000000000000000000000000000000000000000000000000000000000000000000000000000000000000000000000000000000000000000000000000000000000000B454CB6EC23010BC57EA3F44BE5689A187AAAA081CFA38B648A51F60EC0D58F54BF6F2FAFB6E0244550B412AE5122959EFCCECECC483D1DA9A6C093169EF4AD62F7A2C0327BDD26E56B28FC94B7ECFB284C22961BC83926D20B1D1F0FA6A30D904481975BB54B2396278E03CC93958910A1FC051A5F2D10AA4D738E341C84F31037EDBEBDD71E91D82C31C6B0C361C3C41251606B3E7357DDE2A896012CB1EB7076BAE9289108C960249295F3AF58325DF3114D4D99C49731DD20DC960FC20435D394EB0EB7B236BA256908D45C4576149065FF9A8B8F272616986A21BE6804E5F555A42DB5FA385E825A4449E5B53B4152BB4DBEB3FAA23E1C640FA7F155BDC2E7AD2398E3E244E7B399B1FEACD2B5039591120A2867675C7470744B2EC12C3EF90BBC66F52809477E0CDB37FB6070DCC49CA8A7E8989981A389BEF57F25AE8932256307DBF98FBDFC0BB84B4F9933EFEC18CFD7551771F481D6FEEB7E117000000FFFF0300504B0304140006000800000021001E911AB7F30000004E0200000B0008025F72656C732F2E72656C7320A2040228A0000200000000000000000000000000000000000000000000000000000000000000000000000000000000000000000000000000000000000000000000000000000000000000000000000000000000000000000000000000000000000000000000000000000000000000000000000000000000000000000000000000000000000000000000000000000000000000000000000000000000000000000000000000000000000000000000000000000000000000000000000000000000000000000000000000000000000000000000000000000000000000000000000000000000000000000000000000000000000000000000000000000000000000000000000000000000000000000000000000000000000000000000000000000000000000000000000000000000000000000000000000000000000000000000000000000000000000000000000000000000000000000000000000000000000000000000000000000000000000000000000000000000000000000000000000000000000000000000000000000000000000000000000000000000000000000000000000000000000000000000000000000000000000000000000000000000000000000000000000000000000000000000000000000000000000000000000000000000000000000000000000000000000000000000000000000000000000000000000000000000000000008C92DB4A03410C86EF05DF61C87D37DB0A22D2D9DE48A17722EB038499EC01770ECCA4DABEBDA320BA50DB5EE6F4E7CB4FD69B839BD43BA73C06AF6159D5A0D89B6047DF6B786DB78B075059C85B9A82670D47CEB0696E6FD62F3C9194A13C8C31ABA2E2B38641243E226633B0A35C85C8BE54BA901C4909538F91CC1BF58CABBABEC7F457039A99A6DA590D6967EF40B5C758365FD60E5D371A7E0A66EFD8CB8915C807616FD92E622A6C49C6728D6A29F52C1A6C30CF259D9162AC0A36E069A2D5F544FF5F8B8E852C09A10989CFF37C759C035A5E0F74D9A279C7AF3B1F21592C167D7BFB4383B32F683E010000FFFF0300504B030414000600080000002100D664B351FA000000310300001C000801776F72642F5F72656C732F646F63756D656E742E786D6C2E72656C7320A2040128A0000100000000000000000000000000000000000000000000000000000000000000000000000000000000000000000000000000000000000000000000000000000000000000000000000000000000000000000000000000000000000000000000000000000000000000000000000000000000000000000000000000000000000000000000000000000000000000000000000000000000000000000000000000000000000000000000000000000000000000000000000000000000000000000000000000000000000000000000000000000000000000000000000000000000000000000000000000000000000000000000000000000000000000000000000000000000AC92CD6AC3301084EF85BE83D87B2D3BFDA184C8B99440AEADFB008ABDFEA1B224B49BB67EFB0A43528706F7E28B604668E693B49BED776FC42706EA9C5590252908B4A5AB3ADB28782F7677CF2088B5ADB47116150C48B0CD6F6F36AF6834C743D4769E444CB1A4A065F66B29A96CB1D794388F36EED42EF49AA30C8DF4BAFCD00DCA559A3EC930CD80FC2253EC2B05615FDD8328061F9BFFCF7675DD95F8E2CA638F96AF54C82F3CBC2173BC1CC5581D1A6405133389B420AF83AC9604A13F1427670E215B148107133FF3FC0C34EAB9FAC725EB398E08FEB68F528E6B36C7F0B02443ED2C17FA60261C67EB04212F063DFF010000FFFF0300504B0304140006000800000021003E3A40B5D50100000404000011000000776F72642F646F63756D656E742E786D6C9C53CD8ED33010BE23F10E91EF6D92D26EABA8E90AE8162E48AB2D3C80EB3889B5B6C7B29D86F2F48C93B82C20ADAABDD89E19CFF7CDEFF6FEA792C9995B274097249F6724E19A41257453921FDF0FB30D499CA7BAA212342FC9853B72BF7BFF6EDB1715B04E71ED1384D0AE38A3B5F5DE1469EA58CB157573305CA3B106ABA847D136A9A2F6B9333306CA502F4E420A7F49175976472618284967753141CC9460161CD43EB81450D782F1E98A1EF616DED1733F853C30A6964B8C01B46B8571114DBD150D536C23C8F9B524CE4AC67FBDB985ADB2B4C77E283986DD83AD8C05C69D43ED7E345E11F3EC35EEA98001E2EA714B087F73C6481415FA0A13A6E39FFE5F9B37C7E6A523771AA0FE2482B5D8E12C9DA0BA84DB247D81B3583D9524CB3E1FD6AB870389AA3DAF69277DB0E4F96AB3FE3478DAE0E677476FB11849F2154755E26B9B066D38F1039E267C739CF9471BF1FEA738A23D68370FABE5C7C3006F9AE32F74E87137168B256E475FB4F85E6DF09D0E1137DF6880F480BDCC97E3172B9A1691A27802EF01072BCA92D72FAC2DA715C7215E2F06F81AC0BF109BCE0FE244C7403A64738632AC777019A2C05DFC624585164C9E3F0ACF30CA0F778315B31F131F0A31561A75717D77BF010000FFFF0300504B03041400060008000000210096B5ADE296060000501B000015000000776F72642F7468656D652F7468656D65312E786D6CEC594F6FDB3614BF0FD87720746F6327761A07758AD8B19B2D4D1BC46E871E698996D850A240D2497D1BDAE38001C3BA618715D86D87615B8116D8A5FB34D93A6C1DD0AFB0475292C5585E9236D88AAD3E2412F9E3FBFF1E1FA9ABD7EEC70C1D1221294FDA5EFD72CD4324F1794093B0EDDD1EF62FAD79482A9C0498F184B4BD2991DEB58DF7DFBB8AD755446282607D22D771DB8B944AD79796A40FC3585EE62949606ECC458C15BC8A702910F808E8C66C69B9565B5D8A314D3C94E018C8DE1A8FA94FD05093F43672E23D06AF89927AC06762A049136785C10607758D9053D965021D62D6F6804FC08F86E4BEF210C352C144DBAB999FB7B4717509AF678B985AB0B6B4AE6F7ED9BA6C4170B06C788A705430ADF71BAD2B5B057D03606A1ED7EBF5BABD7A41CF00B0EF83A6569632CD467FADDEC9699640F6719E76B7D6AC355C7C89FECA9CCCAD4EA7D36C65B258A206641F1B73F8B5DA6A6373D9C11B90C537E7F08DCE66B7BBEAE00DC8E257E7F0FD2BADD5868B37A088D1E4600EAD1DDAEF67D40BC898B3ED4AF81AC0D76A197C86826828A24BB318F3442D8AB518DFE3A20F000D6458D104A9694AC6D88728EEE2782428D60CF03AC1A5193BE4CBB921CD0B495FD054B5BD0F530C1931A3F7EAF9F7AF9E3F45C70F9E1D3FF8E9F8E1C3E3073F5A42CEAA6D9C84E5552FBFFDECCFC71FA33F9E7EF3F2D117D57859C6FFFAC327BFFCFC793510D26726CE8B2F9FFCF6ECC98BAF3EFDFDBB4715F04D814765F890C644A29BE408EDF3181433567125272371BE15C308D3F28ACD249438C19A4B05FD9E8A1CF4CD296699771C393AC4B5E01D01E5A30A787D72CF1178108989A2159C77A2D801EE72CE3A5C545A6147F32A99793849C26AE66252C6ED637C58C5BB8B13C7BFBD490A75330F4B47F16E441C31F7184E140E494214D273FC80900AEDEE52EAD87597FA824B3E56E82E451D4C2B4D32A423279A668BB6690C7E9956E90CFE766CB37B077538ABD27A8B1CBA48C80ACC2A841F12E698F13A9E281C57911CE298950D7E03ABA84AC8C154F8655C4F2AF074481847BD804859B5E696007D4B4EDFC150B12ADDBECBA6B18B148A1E54D1BC81392F23B7F84137C2715A851DD0242A633F900710A218ED715505DFE56E86E877F0034E16BAFB0E258EBB4FAF06B769E888340B103D3311DA9750AA9D0A1CD3E4EFCA31A3508F6D0C5C5C398602F8E2EBC71591F5B616E24DD893AA3261FB44F95D843B5974BB5C04F4EDAFB95B7892EC1108F3F98DE75DC97D5772BDFF7CC95D94CF672DB4B3DA0A6557F70DB629362D72BCB0431E53C6066ACAC80D699A6409FB44D08741BDCE9C0E4971624A2378CCEABA830B05366B90E0EA23AAA241845368B0EB9E2612CA8C742851CA251CECCC70256D8D87265DD96361531F186C3D9058EDF2C00EAFE8E1FC5C509031BB4D680E9F39A3154DE0ACCC56AE644441EDD76156D7429D995BDD88664A9DC3AD50197C38AF1A0C16D684060441DB02565E85F3B9660D0713CC48A0ED6EF7DEDC2DC60B17E92219E180643ED27ACFFBA86E9C94C78AB90980D8A9F0913EE49D62B512B79626FB06DCCEE2A432BBC60276B9F7DEC44B7904CFBCA4F3F6443AB2A49C9C2C41476DAFD55C6E7AC8C769DB1BC399161EE314BC2E75CF8759081743BE1236EC4F4D6693E5336FB672C5DC24A8C33585B5FB9CC24E1D4885545B58463634CC5416022CD19CACFCCB4D30EB45296023FD35A458598360F8D7A4003BBAAE25E331F155D9D9A5116D3BFB9A95523E51440CA2E0088DD844EC6370BF0E55D027A012AE264C45D02F708FA6AD6DA6DCE29C255DF9F6CAE0EC38666984B372AB5334CF640B37795CC860DE4AE2816E95B21BE5CEAF8A49F90B52A51CC6FF3355F47E0237052B81F6800FD7B802239DAF6D8F0B1571A8426944FDBE80C6C1D40E8816B88B8569082AB84C36FF0539D4FF6DCE591A26ADE1C0A7F669880485FD484582903D284B26FA4E2156CFF62E4B9265844C4495C495A9157B440E091BEA1AB8AAF7760F4510EAA69A6465C0E04EC69FFB9E65D028D44D4E39DF9C1A52ECBD3607FEE9CEC7263328E5D661D3D0E4F62F44ACD855ED7AB33CDF7BCB8AE889599BD5C8B3029895B6825696F6AF29C239B75A5BB1E6345E6EE6C28117E73586C1A2214AE1BE07E93FB0FF51E133FB65426FA843BE0FB515C187064D0CC206A2FA926D3C902E907670048D931DB4C1A44959D366AD93B65ABE595F70A75BF03D616C2DD959FC7D4E6317CD99CBCEC9C58B34766661C7D6766CA1A9C1B327531486C6F941C638C67CD22A7F75E2A37BE0E82DB8DF9F30254D30C1372581A1F51C983C80E4B71CCDD28DBF000000FFFF0300504B030414000600080000002100D354E65FB70200003006000011000000776F72642F73657474696E67732E786D6C9C54DB6E9C30107DAFD47F403C7717F69A2D0A89DAA4DB8B92B62AC907183060C5F658B659B2FDFA8E0187A48DA2A84FD8E7CC1CCF95D3F37BC18303D586814CC3C53C0E032A0B2899ACD3F0F6663FDB8581B144968483A46978A4263C3F7BFBE6B44B0CB516CD4C8012D2249086AD9689291A2A88990956683050D959012281AA62051D3FE1E8A1D3B0B1562551343ACD4151896A156841AC9983AEA3C1F3128A565069A3651C6F234D39B118B06998325E4DFCAF1A3ED57891C34B491C04F776DD227EC9724CB7035D3E78BC263CE7A03414D418ACACE043BA8230E9650C7F8DCE50CF2B966BA28F8F44CEB06DBF0144D0258AEA020B8A3D5FEFC2C81125AD48CBED0DC9330B0A4D0E041F3B59C6035D344493C2529D295260741720AD06EEED4AF80EF60284D218FCE88137627B6D9CAFD2B847DCE11780F56E71BC586C76271F070FC7BE8AD9AD57DBF7CFF92C2FE393D5F63966F769B3FEB0774C348481F188C435FFA7F6A73DE6148821F10B2272CD4870EDC603BD4492EBBB8F4C7A3EA738A6F43193B5B92767B381308270BEC7BA79022763604A66D425AD7A617E4D743D29F70517897E16C52E7D7B50731DA4FAB386560DAA9D26EAAB2C11F60F2ED6EB518F497BC584C74D9B67DE4BE2943CA25A59FE386827184D05EA128B8B4D5D85AE88AC7D97A89CDD66CEB44B0AAE33B7FCF49A288503822679BD4843CEEAC62E42BC5ABC9544DFF597BC5E8EDCB2E7F0E6B8FE420A97195A8F0767301CD16A3C4CD8CA63AB095B7B6C3D611B8F6D266CEBB1ADC39A23AE0567F20E97CC1F1D5E01E7D0D1F28B07D3F01F6828826988A2D857B749386090F4C0B85A263824F41E778E96CCE27F55B15290FB345CC69BBE47A335274768ED135BA7E48CD51334288925B8C17DAB9E38F743FE572C6EC30B8603991D453E2DEE7C089C336333AA70C72D684CB95FFE77BDF2F4AB3FFB030000FFFF0300504B030414000600080000002100F5813D7F870100000704000012000000776F72642F666F6E745461626C652E786D6CA4924D6E83301085F7957A07E47D83213F4D504814D166D945D51E60424CB0846DE4714273FB0E98D04554296941B2C49BF163FCF92DD75FAA0A4EC2A2343A65D188B340E8DCECA53EA4ECF363FB3467013AD07BA88C16293B0B64EBD5E3C3B2490AA31D06B45F636253563A57276188792914E0C8D44253AD305681A34F7B084D51C85CBC98FCA8847661CCF92CB4A20247FFC652D6C87AB7E616B7C6D87D6D4D2E10695855793F0552B3553F5DD0241A144D9D4125775676851AB4411151ED0455CA78CCB77C4A6BFB4EF8B85D59D83AE42558146E68E45E2E40C9EA7C51B19188BE504B979717FD0456C2AE12BE84F2408523EE78CA5E23CE79BCDD32AF44299B90B0C90625A6A1FCB3E87BC68342D74383753E5D4BB4E87C48219F7E573767E8EFE78AC48754028337D104EF468147754D24E6332231251E2D99F15D446CE7DB11BC95080D1E6F86F3D34932529EE793A83FFF5D44BCCFED443250140DF8251B2D014FA225725F36FE46E23A1B7C32B0F921D1258112F59F6CF421C1D537000000FFFF0300504B0304140006000800000021004AD88A92BB0000000401000014000000776F72642F77656253657474696E67732E786D6C8CCEC16AC3300CC6F17B61EF10745F9DF5304A485228A32FD0F5015C47690CB164246DDEF6F4356C97DD7A149FF8F1EF0F5F696D3E5134320DF0B26DA1410A3C45BA0D70793F3DEFA151F334F9950907F84685C3F8B4E94B57F07A46B3FAA94D55483B196031CB9D731A164C5EB79C91EA36B3246FF5949BE3798E01DF387C242473BBB67D7582ABB75AA04BCC0A7F5A79442B2C53160EA85A43D2FAEB251F09C6DAC8D9628A3F7862390A17457163EFFEB58F77000000FFFF0300504B030414000600080000002100E9D79BEA70010000C202000010000801646F6350726F70732F6170702E786D6C20A2040128A00001000000000000000000000000000000000000000000000000000000000000000000000000000000000000000000000000000000000000000000000000000000000000000000000000000000000000000000000000000000000000000000000000000000000000000000000000000000000000000000000000000000000000000000000000000000000000000000000000000000000000000000000000000000000000000000000000000000000000000000000000000000000000000000000000000000000000000000000000000000000000000000000000000000000000000000000000000000000000000000000000000000000000000000000000000000009C52CB6EC23010BC57EA3F44B9830352AB0A2D4615A8EAA10F24029C2D679358756CCB3615FC7D370442AADEEAD3CEAC3D9E1D1B16C74627DFE883B2669E4EC6599AA091B650A69AA7DBFC65F49426210A53086D0DCED3138674C1EFEF60EDAD431F158684244C98A7758C6EC658903536228CA96DA8535ADF8848D057CC96A592B8B2F2D0A0896C9A658F0C8F114D81C5C8F58269A738FB8EFF152DAC6CFD855D7E726498438E8DD32222FF68ED68603D01B98D42E7AA419E11DD03588B0A039F00EB0AD85B5F043E05D615B0AC85173252747CF2006C00E1D939ADA48894297F57D2DB60CB987C9EA74FDAE3C0865B8012D9A03C78154FAD89218437653A1B5D41B6BCA8BC70F5C55B8F602385C6258DCD4BA10302BB11B0B48D13E6C4C9E7B522BDAFB075B95DB5B95C8EFC260733EE55AC374EC8D6CBE370DA41033614091664FF2A7723E0955EC2EBF64E4ACA54585CF7FC6DB4F9EDBA2FC927D37146EB1CD895A327E9FF0AFF010000FFFF0300504B030414000600080000002100C9737DE3440100007502000011000801646F6350726F70732F636F72652E786D6C20A2040128A00001000000000000000000000000000000000000000000000000000000000000000000000000000000000000000000000000000000000000000000000000000000000000000000000000000000000000000000000000000000000000000000000000000000000000000000000000000000000000000000000000000000000000000000000000000000000000000000000000000000000000000000000000000000000000000000000000000000000000000000000000000000000000000000000000000000000000000000000000000000000000000000000000000000000000000000000000000000000000000000000000000000000000000000000000000000009C924D4FC3300C86EF48FC872AF736E98A2654B59904682726213104E216255E17D1A45192ADDBBF27FD58E904278EB65F3F7EEDA4589D541D1DC13AD9E812A509411168DE08A9AB12BD6DD7F13D8A9C675AB0BAD150A23338B4A2B7370537396F2CBCD8C680F5125C1448DAE5DC9468EFBDC931767C0F8AB924287428EE1AAB980FA1ADB061FC8B558017842CB102CF04F30C77C0D84C443422059F90E660EB1E2038861A1468EF709AA4F847EBC12AF767435F992995F46713761AEDCED9820FC5497D727212B66D9BB4596F23F84FF1C7E6F9B55F3596BABB1507440BC1736E81F9C6D283035BE059A23B5ECD9CDF843BEF248887F3A8F99DEFA4168EB27B1F9A16781E8619FD4AC320105130990F2B5D2AEFD9E3D3768DE882A4CB986431B9DB922CCFD29C90CFCED2557F677A48A8D1D8BF891700ED1D5F7F14FA0D0000FFFF0300504B030414000600080000002100094AFF7015070000F83900000F000000776F72642F7374796C65732E786D6CB49BDF73D33810C7DF6FE6FE078FDF216D020974084C29F4E84CE10A69E79E155BA9353856CE52687B7FFD492B5B75EDD8DEADCD13F50FED67A55D7DD72DDA771FEEB769F08BE74AC86C191EBF3C0A039E453216D9ED32BCB93E7FF1260C946659CC5299F165F8C055F8E1FD9F7FBCBB3B51FA21E52A30063275922FC344EBDDC964A2A2846F997A29773C33CF3632DF326D2EF3DB89DC6C44C43FC968BFE5999E4C8F8EE6939CA74C1BB84AC44E8585B53B8CB53B99C7BB5C465C29E3ED3675F6B64C64E17BE35E2CA34F7CC3F6A956F632BFCA8BCBE20AFE39979956C1DD09539110D7C67133C5ADC864FEE5345322344F3853FA540976F06162DF3AF82452BA62EDA3884538B144F59FB1F98BA5CB703A2DEF9C590F9EDC4B59765BDEE3D98B9B55D59365E86FAD8DDD65C8F217AB536B6C02D32CFFAD4C77F764F2E60A5CD9B1C82C9CE1B08DE62680261E96930A1BE8E9625E5EFCD8A7E606DB6B5940C0808155CD9ACBDA8A9BB89A28AF5C9698A77C7329A39F3C5E69F3601902CBDCBCB9B8CA85CC857E58866FDF5AA6B9B9E25BF145C431B74959DCBBC91211F37F129EDD281E3FDEFF7E0E2956588CE43ED3C6FDF902B22055F1E7FB88EF6C8A19D319B311FE6607A4D6ACAA70C0A1BD78F4C6DDA851E1E6BF25F2D8C5F02025E1CC6EA300FCEF04C1ACF78341533BA3EA04C02EC9D7D97013AF869B783DDC0424EFB0B5580CF7C288E7D088B8DCA864253EA85A462EF9AAEB307BDB91B27644238B7A473492A6774423477A473452A2774423037A473402DE3BA211DFDE118D70768E881808573D8B66B01AA88D7D2D74CAEDF84E013A1E287545A909AE58CE6E73B64B025B58EB6E7789E56ABFD63857414E9F2F962B9DCBECB677454C75B65BF7D99AFC79BB4B9812E68BA667E9A70397FE9AAD531EFC958BB817F5DA255F634EF06172B0845DA52CE2894C639E07D7FCDE459430FE9B0C56EE2BA3D7B98161BD14B7890E560994DC5ED8BC65D1DB57C2D9BF140AD6A07333CD5BA6D2671C15C3794B5EB61BFFCA63B1DF964B83F81A993B3D2784B9860017BB97E8950D517377F5CEC206003305572EE85300FB08FF5D71A1DBB731C6F8EF4AD133ED23FC7785EB99F6213FBAE34B569A4F2CFF19A0B6D782BC77CF642AF3CD3E2DF740AF3C2CC83BD8237053206F626F1F25120BF20E7E229FC1691499DFDC30794A8EC5A38E1228E470380A6C36FC5CC841A9C9DE316146E400D55853026B98D6124064D1FDC17F09FB87276A310095F6DF9ABDDB79D6B202A604A1BEA1BFEFA5EEFF869EB6681E967291993F97281EE068B3969D87A515F9E4EA1D21C6C30A1F0134AC021240C34A2101D4921FEDDF3CBE26E221C38B23814596655FC520EDD0CABC202BB307D14AC0487513F1FDD5B27BDB73A15937111472809A7513412147A756CB7CDD44B046AB9B08564BD5688F515553299322D7CD2AC87F092066348E782340E3883702348E782340C3C5BB1F329E782358646DF09A5A156F04085EA1FCAAEF4155F14680C8DAE0D4AEF89B5159F7C04AF72FB723883782420E5053BC11147274DAC41BC182572899506379A943B0C6116F04681CF14680C6116F04681CF14680C6116F0468B878F743C6136F048BAC0D5E53ABE28D0091E5C183AAE28D00C12B146D3828DEB0EB7FBB782328E40035C51B412147A726A8FE2315C12207A8C6F2E28D60C12B9464285890DC94498D23DE88198D23DE08D038E28D008D23DE08D070F1EE878C27DE0816591BBCA656C51B0122CB830755C51B01226BC341F186CDF8DBC51B412107A829DE080A393A3541F53A87609103546379F146B0205F068B370204AF3C174499D138E28D98D138E28D008D23DE08D070F1EE878C27DE0816591BBCA656C51B0122CB830755C51B01226BC341F1863DF2DBC51B412107A829DE080A393A3541F5E28D609103546379A943B0C6116F04081273B0782340F0CA3340B08B28611A47BC11331A47BC11A0E1E2DD0F194FBC112CB236784DAD8A37024496070FAA8A370244D6067BCED69C17451F4F3D6E4902EC3983F254031A386D091216584CF007DFF0DC7432F1FED3210381E50C09C496F4C04EF1A3943F03DCC1EE594B82A051629D0A0947BA1FE0944EA51161B6E8E824B8FEFB2CF8E21A601AE320A59E9EBC31DD43D57621684FB28D43C64FFDB0332D3BBBF264B9B5661A846C5F57D102047D6817A621A868EBB1836D9F8F79119AAA8ADBF0FFB605157E363D6F71F9CED1D19BCFAF5F9D9E170D4E60B2E94494182F22D32BD5E1447114DE9F4E8283F075975ACECB835B8FCD1AA573C5B9F9C7AF2BF7DE93D39BE69659C316BFB53D23DEE1339C21EF5CBD005E71F16E3A68DAB6C0A53E0FFD792B785BAF53D788667EB8C86C284CDB1FFCDF9A0B797CCF9C59F3FC8CA7E957066D6B5AEEDA5F4DF946BBA7C74750276BA6D6526BB96D1F9FC33172F0E49001B3C45567DCA59D44FBDA67FBED9AE7A60FAC63FDBF495B5FA05FED69E2BA13B12EDC7EE719EF21AFB1ABFEE85BF9937AFF3F000000FFFF0300504B01022D0014000600080000002100DDFC953766010000200500001300000000000000000000000000000000005B436F6E74656E745F54797065735D2E786D6C504B01022D00140006000800000021001E911AB7F30000004E0200000B000000000000000000000000009F0300005F72656C732F2E72656C73504B01022D0014000600080000002100D664B351FA000000310300001C00000000000000000000000000C3060000776F72642F5F72656C732F646F63756D656E742E786D6C2E72656C73504B01022D00140006000800000021003E3A40B5D5010000040400001100000000000000000000000000FF080000776F72642F646F63756D656E742E786D6C504B01022D001400060008000000210096B5ADE296060000501B00001500000000000000000000000000030B0000776F72642F7468656D652F7468656D65312E786D6C504B01022D0014000600080000002100D354E65FB7020000300600001100000000000000000000000000CC110000776F72642F73657474696E67732E786D6C504B01022D0014000600080000002100F5813D7F87010000070400001200000000000000000000000000B2140000776F72642F666F6E745461626C652E786D6C504B01022D00140006000800000021004AD88A92BB00000004010000140000000000000000000000000069160000776F72642F77656253657474696E67732E786D6C504B01022D0014000600080000002100E9D79BEA70010000C2020000100000000000000000000000000056170000646F6350726F70732F6170702E786D6C504B01022D0014000600080000002100C9737DE344010000750200001100000000000000000000000000FC190000646F6350726F70732F636F72652E786D6C504B01022D0014000600080000002100094AFF7015070000F83900000F00000000000000000000000000771C0000776F72642F7374796C65732E786D6C504B0506000000000B000B00C1020000B92300000000,'Fri Mar 04 10:19:21 IST 2016','String_Handling.docx','Not Checked Till Now');
/*!40000 ALTER TABLE `assignmentsresponse` ENABLE KEYS */;


--
-- Definition of table `enroll`
--

DROP TABLE IF EXISTS `enroll`;
CREATE TABLE `enroll` (
  `StudentName` varchar(45) NOT NULL,
  `SubjectName` varchar(45) NOT NULL,
  `EmailId` varchar(45) NOT NULL,
  `StudentId` varchar(45) NOT NULL,
  PRIMARY KEY  USING BTREE (`SubjectName`,`StudentId`)
) ENGINE=InnoDB DEFAULT CHARSET=latin1;

--
-- Dumping data for table `enroll`
--

/*!40000 ALTER TABLE `enroll` DISABLE KEYS */;
INSERT INTO `enroll` (`StudentName`,`SubjectName`,`EmailId`,`StudentId`) VALUES 
 ('sandeep','Java','sandeep@gmail.com','S20161001'),
 ('sandeep','Reasoning','sandeep@gmail.com','S20161001'),
 ('sandeep','Software engineering','sandeep@gmail.com','S20161001');
/*!40000 ALTER TABLE `enroll` ENABLE KEYS */;


--
-- Definition of table `exams`
--

DROP TABLE IF EXISTS `exams`;
CREATE TABLE `exams` (
  `ExamId` int(10) unsigned NOT NULL,
  `ExamName` varchar(100) NOT NULL,
  `NumberOfQuestions` int(10) unsigned NOT NULL default '0',
  `Duration` int(10) unsigned NOT NULL default '0',
  PRIMARY KEY  (`ExamId`)
) ENGINE=InnoDB DEFAULT CHARSET=latin1;

--
-- Dumping data for table `exams`
--

/*!40000 ALTER TABLE `exams` DISABLE KEYS */;
INSERT INTO `exams` (`ExamId`,`ExamName`,`NumberOfQuestions`,`Duration`) VALUES 
 (1,'Java',10,1),
 (2,'C',10,1);
/*!40000 ALTER TABLE `exams` ENABLE KEYS */;


--
-- Definition of table `facultyregistration`
--

DROP TABLE IF EXISTS `facultyregistration`;
CREATE TABLE `facultyregistration` (
  `Fid` int(10) unsigned NOT NULL auto_increment,
  `Name` varchar(45) NOT NULL,
  `EmailId` varchar(45) NOT NULL,
  `Password` varchar(45) NOT NULL,
  `Gender` varchar(45) NOT NULL,
  `Phone` varchar(45) NOT NULL,
  `Address` varchar(100) NOT NULL,
  `LastLogin` varchar(65) NOT NULL,
  `fathername` varchar(45) NOT NULL,
  `ftype` varchar(45) NOT NULL,
  `qualification` varchar(45) NOT NULL,
  `fspecial` varchar(45) NOT NULL,
  PRIMARY KEY  USING BTREE (`Fid`,`EmailId`)
) ENGINE=InnoDB AUTO_INCREMENT=1006 DEFAULT CHARSET=latin1;

--
-- Dumping data for table `facultyregistration`
--

/*!40000 ALTER TABLE `facultyregistration` DISABLE KEYS */;
INSERT INTO `facultyregistration` (`Fid`,`Name`,`EmailId`,`Password`,`Gender`,`Phone`,`Address`,`LastLogin`,`fathername`,`ftype`,`qualification`,`fspecial`) VALUES 
 (1003,'p patel','ppatel@gmail.com','ppatel@gmail.com','Male','2222222222',' dehradun','First Time Login','c patel','Temporary','B.Tech','Computer Science'),
 (1004,'rohit sharma','rohit@gmail.com','rohit@gmail.com','Male','1212122222',' dehradun','Fri Mar 04 10:20:50 IST 2016','s g shrama','Permanent','B.Tech','Information Technology'),
 (1005,'Virat Kohli','virat@gmail.com','virat@gmail.com','Male','3333332222',' dehradun','First Time Login','s kohli','Permanent','B.Tech','Computer Science');
/*!40000 ALTER TABLE `facultyregistration` ENABLE KEYS */;


--
-- Definition of table `feedbackquestion`
--

DROP TABLE IF EXISTS `feedbackquestion`;
CREATE TABLE `feedbackquestion` (
  `Qno` int(10) unsigned NOT NULL auto_increment,
  `Question` varchar(200) NOT NULL,
  PRIMARY KEY  (`Qno`)
) ENGINE=InnoDB AUTO_INCREMENT=9 DEFAULT CHARSET=latin1;

--
-- Dumping data for table `feedbackquestion`
--

/*!40000 ALTER TABLE `feedbackquestion` DISABLE KEYS */;
INSERT INTO `feedbackquestion` (`Qno`,`Question`) VALUES 
 (1,'The Trainning helped me to do my job?'),
 (2,'It was logicallty Structured?'),
 (3,'It was pitched at right level ?'),
 (4,'My understanding of subject matter significantly increesed?'),
 (5,'I am more confident as a result of course'),
 (6,'Course was easy to navigate?'),
 (7,'The text was clear and informative?'),
 (8,'The material of subject was enjoyable to work through?');
/*!40000 ALTER TABLE `feedbackquestion` ENABLE KEYS */;


--
-- Definition of table `feedbackresponse`
--

DROP TABLE IF EXISTS `feedbackresponse`;
CREATE TABLE `feedbackresponse` (
  `sno` int(10) unsigned NOT NULL auto_increment,
  `name` varchar(45) NOT NULL,
  `email_id` varchar(45) NOT NULL,
  `q1` varchar(45) NOT NULL,
  `q2` varchar(45) NOT NULL,
  `q3` varchar(45) NOT NULL,
  `q4` varchar(45) NOT NULL,
  `q5` varchar(45) NOT NULL,
  `q6` varchar(45) NOT NULL,
  `q7` varchar(45) NOT NULL,
  `q8` varchar(45) NOT NULL,
  PRIMARY KEY  (`sno`)
) ENGINE=InnoDB AUTO_INCREMENT=6 DEFAULT CHARSET=latin1;

--
-- Dumping data for table `feedbackresponse`
--

/*!40000 ALTER TABLE `feedbackresponse` DISABLE KEYS */;
INSERT INTO `feedbackresponse` (`sno`,`name`,`email_id`,`q1`,`q2`,`q3`,`q4`,`q5`,`q6`,`q7`,`q8`) VALUES 
 (1,'sandeep chand kumain','sandeep@gmail.com','1','1','1','1','1','1','1','1'),
 (2,'sandeep chand kumain','sckumain1@gmail.com','NA','2','3','4','3','2','1','NA'),
 (3,'ravi','ravi@gmail.com','1','1','1','1','1','1','1','1'),
 (4,'Ravi Negi','ravi@gmail.com','2','2','2','2','2','2','2','2'),
 (5,'Ravi Negi','ravi@gmail.com','NA','NA','NA','NA','NA','NA','NA','NA');
/*!40000 ALTER TABLE `feedbackresponse` ENABLE KEYS */;


--
-- Definition of table `hitcount`
--

DROP TABLE IF EXISTS `hitcount`;
CREATE TABLE `hitcount` (
  `idhitcount` int(10) unsigned NOT NULL,
  PRIMARY KEY  (`idhitcount`)
) ENGINE=InnoDB DEFAULT CHARSET=latin1;

--
-- Dumping data for table `hitcount`
--

/*!40000 ALTER TABLE `hitcount` DISABLE KEYS */;
INSERT INTO `hitcount` (`idhitcount`) VALUES 
 (175);
/*!40000 ALTER TABLE `hitcount` ENABLE KEYS */;


--
-- Definition of table `login`
--

DROP TABLE IF EXISTS `login`;
CREATE TABLE `login` (
  `Id` varchar(45) NOT NULL,
  `Password` varchar(45) NOT NULL,
  PRIMARY KEY  (`Id`)
) ENGINE=InnoDB DEFAULT CHARSET=latin1;

--
-- Dumping data for table `login`
--

/*!40000 ALTER TABLE `login` DISABLE KEYS */;
INSERT INTO `login` (`Id`,`Password`) VALUES 
 ('admin','admin123');
/*!40000 ALTER TABLE `login` ENABLE KEYS */;


--
-- Definition of table `problems`
--

DROP TABLE IF EXISTS `problems`;
CREATE TABLE `problems` (
  `sno` int(10) unsigned NOT NULL,
  `name` varchar(45) NOT NULL,
  `email_id` varchar(45) NOT NULL,
  `question` varchar(1000) NOT NULL,
  `SubjectName` varchar(45) NOT NULL,
  PRIMARY KEY  (`sno`)
) ENGINE=InnoDB DEFAULT CHARSET=latin1;

--
-- Dumping data for table `problems`
--

/*!40000 ALTER TABLE `problems` DISABLE KEYS */;
INSERT INTO `problems` (`sno`,`name`,`email_id`,`question`,`SubjectName`) VALUES 
 (1,'Ravi Negi','ravi@gmail.com','hello sir?','Java'),
 (2,'Ravi Negi','ravi@gmail.com','hello sir we need some more question in java quiz ?','Java'),
 (3,'Ravi Negi','ravi@gmail.com','sir please update some output based question in quiz?','Java');
/*!40000 ALTER TABLE `problems` ENABLE KEYS */;


--
-- Definition of table `questionbank`
--

DROP TABLE IF EXISTS `questionbank`;
CREATE TABLE `questionbank` (
  `QuestionNo` int(10) unsigned NOT NULL default '0',
  `Question` varchar(500) NOT NULL,
  `OptionA` varchar(100) NOT NULL,
  `OptionB` varchar(100) NOT NULL,
  `OptionC` varchar(100) NOT NULL,
  `OptionD` varchar(100) NOT NULL,
  `Answer` varchar(100) NOT NULL,
  `SubjectName` varchar(100) NOT NULL,
  `ExamId` int(10) unsigned NOT NULL,
  PRIMARY KEY  USING BTREE (`SubjectName`,`QuestionNo`)
) ENGINE=InnoDB DEFAULT CHARSET=latin1;

--
-- Dumping data for table `questionbank`
--

/*!40000 ALTER TABLE `questionbank` DISABLE KEYS */;
INSERT INTO `questionbank` (`QuestionNo`,`Question`,`OptionA`,`OptionB`,`OptionC`,`OptionD`,`Answer`,`SubjectName`,`ExamId`) VALUES 
 (1,'Which loop execute atleast ones if condition false?','if','switch','while','do while','d','C',2),
 (2,'Which of the following statements should be used to obtain a remainder after dividing 3.14 by 2.1 ?','rem = 3.14 % 2.1;','rem = modf(3.14, 2.1);','rem = fmod(3.14, 2.1);','Remainder cannot be obtain in floating point division.','Remainder cannot be obtain in floating point division.','C',2),
 (3,'What are the types of linkages?','Internal and External','External, Internal and None','External and None','Internal','Internal','C',2),
 (4,'How would you round off a value from 1.66 to 2.0?','ceil(1.66)','floor(1.66)','roundup(1.66)','roundto(1.66)','roundto(1.66)','C',2),
 (5,' By default a real number is treated as a','float','int ','char','double','double','C',2),
 (6,'When we mention the prototype of a function?','Defining','Declaring','Prototyping','Calling','Calling','C',2),
 (7,'Which of the following function sets first n characters of a string to a given character?','strinit()','strnset()','strset()','strcset()','strcset()','C',2),
 (8,'How will you print \\n on the screen?','printf(\"\\n\");','echo \"\\\\n\";','printf(\'\\n\');','printf(\"\\\\n\");','printf(\"\\\\n\");','C',2),
 (9,' 	  The library function used to find the last occurrence of a character in a string is','strnstr()','laststr()','strrchr()','strstr()','strstr()','C',2),
 (10,' 	  Which of the following function is more appropriate for reading in a multi-word string','gets()','getch()','puts()','none of the above','none of the above','C',2),
 (11,'fflush() is used for?','take character','access the address','clear the garbage collection','none of these','c','C',2),
 (12,'fflush() is used for?','take character','garbage collection','clear the garbage collection','none of these','c','C',2),
 (1,'what is the size of int variable in bit?','8','4','32','64','c','Java',1),
 (2,'Default value of float variable?','0.0d','0.0f','0','none of the above','b','Java',1),
 (3,'which one is reserved word in java?','method','native','array','refrence','b','Java',1),
 (4,'java is developed by?','microsoft','oracle','sun','google','c','Java',1),
 (5,'smallest data type in java?','int','float','char','boolean','d','Java',1),
 (6,'which class can not be extended','final','abstract','super class','none of the above','a','Java',1),
 (7,'suspended thread can be revived by using','start() method','suspend() method','resume() method','none of the above','c','Java',1),
 (8,'Runnable is ?','method','class','variable','interface','d','Java',1),
 (9,'founder of java?','denish richi','mukesh ambani','stepan hokins','james gousling','d','Java',1),
 (10,'program which execute applet is known as?','applet engine','jvm','virtual machine','mozilla firefox','a','Java',1);
/*!40000 ALTER TABLE `questionbank` ENABLE KEYS */;


--
-- Definition of table `registration`
--

DROP TABLE IF EXISTS `registration`;
CREATE TABLE `registration` (
  `Name` varchar(45) NOT NULL,
  `EmailId` varchar(45) NOT NULL,
  `Password` varchar(45) NOT NULL,
  `Gender` varchar(45) NOT NULL,
  `PhoneNo` varchar(45) NOT NULL,
  `Address` varchar(45) NOT NULL,
  `Lastlogin` varchar(60) NOT NULL,
  `StudentId` varchar(45) NOT NULL,
  PRIMARY KEY  USING BTREE (`StudentId`)
) ENGINE=InnoDB DEFAULT CHARSET=latin1;

--
-- Dumping data for table `registration`
--

/*!40000 ALTER TABLE `registration` DISABLE KEYS */;
INSERT INTO `registration` (`Name`,`EmailId`,`Password`,`Gender`,`PhoneNo`,`Address`,`Lastlogin`,`StudentId`) VALUES 
 ('sandeep','sandeep@gmail.com','sandeep@gmail.com','Male','1233211233','dehradun','Fri Mar 04 10:35:10 IST 2016','S20161001'),
 ('jitesh rawat','jitesh@gmail.com','jitesh@gmail.com','Male','4444444444','dehradun','First Time Login','S20161003'),
 ('Ravi negi','ravi@gmail.com','ravi@gmail.com','Male','1234567890','dehradun','First Time Login','S20161004');
/*!40000 ALTER TABLE `registration` ENABLE KEYS */;


--
-- Definition of table `reports`
--

DROP TABLE IF EXISTS `reports`;
CREATE TABLE `reports` (
  `ReportId` int(10) unsigned NOT NULL,
  `UserName` varchar(45) NOT NULL,
  `ExamName` varchar(45) NOT NULL,
  `ExamDate` datetime NOT NULL,
  `TotalQuestions` int(10) unsigned NOT NULL,
  `CorrectAnswers` int(10) unsigned NOT NULL,
  `Score` double NOT NULL,
  PRIMARY KEY  (`ReportId`)
) ENGINE=InnoDB DEFAULT CHARSET=latin1;

--
-- Dumping data for table `reports`
--

/*!40000 ALTER TABLE `reports` DISABLE KEYS */;
INSERT INTO `reports` (`ReportId`,`UserName`,`ExamName`,`ExamDate`,`TotalQuestions`,`CorrectAnswers`,`Score`) VALUES 
 (1,'sandeep','Java','2016-03-04 00:00:00',10,10,100);
/*!40000 ALTER TABLE `reports` ENABLE KEYS */;


--
-- Definition of table `subject`
--

DROP TABLE IF EXISTS `subject`;
CREATE TABLE `subject` (
  `SubjectName` varchar(100) NOT NULL,
  PRIMARY KEY  (`SubjectName`)
) ENGINE=InnoDB DEFAULT CHARSET=latin1;

--
-- Dumping data for table `subject`
--

/*!40000 ALTER TABLE `subject` DISABLE KEYS */;
INSERT INTO `subject` (`SubjectName`) VALUES 
 ('Aptitude'),
 ('C'),
 ('Java'),
 ('Microprocessor'),
 ('Reasoning'),
 ('Software engineering');
/*!40000 ALTER TABLE `subject` ENABLE KEYS */;


--
-- Definition of table `subjectteacher`
--

DROP TABLE IF EXISTS `subjectteacher`;
CREATE TABLE `subjectteacher` (
  `id` int(10) unsigned NOT NULL,
  `name` varchar(45) NOT NULL,
  `subject` varchar(45) NOT NULL,
  PRIMARY KEY  USING BTREE (`subject`)
) ENGINE=InnoDB DEFAULT CHARSET=latin1;

--
-- Dumping data for table `subjectteacher`
--

/*!40000 ALTER TABLE `subjectteacher` DISABLE KEYS */;
INSERT INTO `subjectteacher` (`id`,`name`,`subject`) VALUES 
 (1004,'rohit sharma','Java');
/*!40000 ALTER TABLE `subjectteacher` ENABLE KEYS */;


--
-- Definition of table `subjecttopics`
--

DROP TABLE IF EXISTS `subjecttopics`;
CREATE TABLE `subjecttopics` (
  `Sno` int(10) unsigned NOT NULL,
  `SubjectName` varchar(45) NOT NULL,
  `TopicName` varchar(45) NOT NULL,
  `TopicUrl` varchar(45) NOT NULL,
  PRIMARY KEY  USING BTREE (`TopicName`,`SubjectName`)
) ENGINE=InnoDB DEFAULT CHARSET=latin1;

--
-- Dumping data for table `subjecttopics`
--

/*!40000 ALTER TABLE `subjecttopics` DISABLE KEYS */;
INSERT INTO `subjecttopics` (`Sno`,`SubjectName`,`TopicName`,`TopicUrl`) VALUES 
 (1,'Java',' Basics Of Java','javabasics.jsp'),
 (2,'C ','Basics of c','cbasics.jsp'),
 (3,'C','Conditional Statement ','conditional.jsp'),
 (4,'Java','Exception Handling','exceptionhandling.jsp'),
 (11,'Quant','Lcm And Hcf','quant_ch2.jsp'),
 (5,'C','Loops in c','cloops.jsp'),
 (6,'Java','Multi Threading','multithreading.jsp'),
 (7,'Java','Nested Class','nestedclass.jsp'),
 (10,'Quant','Number','quant_ch1.jsp'),
 (15,'Quant','odd man out','odd_out.jsp'),
 (10,'Java','OOPs Concept','oopsconcept.jsp'),
 (13,'Java','String Handling','stringhandling.jsp'),
 (12,'Quant','surds and indices','quant_ch3.jsp');
/*!40000 ALTER TABLE `subjecttopics` ENABLE KEYS */;


--
-- Definition of table `videos`
--

DROP TABLE IF EXISTS `videos`;
CREATE TABLE `videos` (
  `sno` int(10) unsigned NOT NULL auto_increment,
  `subject` varchar(100) NOT NULL,
  `topic` varchar(45) NOT NULL,
  `url` varchar(45) NOT NULL,
  `UploadedBy` varchar(45) NOT NULL,
  PRIMARY KEY  (`sno`)
) ENGINE=InnoDB AUTO_INCREMENT=20 DEFAULT CHARSET=latin1;

--
-- Dumping data for table `videos`
--

/*!40000 ALTER TABLE `videos` DISABLE KEYS */;
INSERT INTO `videos` (`sno`,`subject`,`topic`,`url`,`UploadedBy`) VALUES 
 (17,'Java','Java Basics','basics_of_java.mp4','Rohit Sharma'),
 (18,'Java','oops concept','oops.3gp','Rohit Sharma'),
 (19,'Java','String Handling','stringhandle.mp4','Rohit Sharma');
/*!40000 ALTER TABLE `videos` ENABLE KEYS */;




/*!40101 SET SQL_MODE=@OLD_SQL_MODE */;
/*!40014 SET FOREIGN_KEY_CHECKS=@OLD_FOREIGN_KEY_CHECKS */;
/*!40014 SET UNIQUE_CHECKS=@OLD_UNIQUE_CHECKS */;
/*!40101 SET CHARACTER_SET_CLIENT=@OLD_CHARACTER_SET_CLIENT */;
/*!40101 SET CHARACTER_SET_RESULTS=@OLD_CHARACTER_SET_RESULTS */;
/*!40101 SET COLLATION_CONNECTION=@OLD_COLLATION_CONNECTION */;
/*!40101 SET CHARACTER_SET_CLIENT=@OLD_CHARACTER_SET_CLIENT */;
